,ID,Address,Longitude,Latitude
0,Space Invader PA__0290 & PA_0532, 113 rue Oberkampf,2.37815,48.865889
1,Space Invader PA_0002, 45 rue Quincampoix,2.350494,48.861071
2,Space Invader PA_0003, 14 rue de la Montagne Sainte-GeneviÃƒÂ¨ve,2.348519,48.848851
3,Space Invader PA_0004, 22 rue Monge,2.351085,48.847105
4,Space Invader PA_0005, 25 rue Guisarde,2.33376,48.85181
5,Space Invader PA_0006, 40 rue de Seine,2.336769,48.855063
6,Space Invader PA_0007, 89 quai de Valmy,2.363517,48.873073
7,Space Invader PA_0008 & PA_1083, Impasse Cordon-Boussard,2.397594,48.865787
8,Space Invader PA_0010, 30 rue de Charonne,2.37574,48.85326
9,Space Invader PA_0013, 47 avenue Daumesnil,2.375463,48.847401
10,Space Invader PA_0014, 59 avenue Ledru-Rollin,2.372716,48.848836
11,Space Invader PA_0015, 24 rue de CÃƒÂ®teaux,2.380831,48.848117
12,Space Invader PA_0016, 76 avenue Ledru-Rollin,2.374375,48.84949
13,Space Invader PA_0017, face ÃƒÂ  la rue Voltaire,2.361939,48.815751
14,Space Invader PA_0018, 16 rue Saint-Vincent,2.341277,48.888538
15,Space Invader PA_0019, pont piÃƒÂ©ton de la Grange aux Belles,2.364043,48.873203
16,Space Invader PA_0020, 20 rue Saint-Fiacre,2.345908,48.870718
17,Space Invader PA_0021, 12 rue Saint-Fiacre,2.345564,48.870137
18,Space Invader PA_0022, 68 rue de Turenne,2.364654,48.859843
19,Space Invader PA_0023, 5 impasse Beaubourg,2.35343,48.8622
20,Space Invader PA_0024, 73 avenue des Gobelins,2.354526,48.833385
21,Space Invader PA_0025, 2 rue de la Corderie,2.363456,48.864634
22,Space Invader PA_0027, fontaine des Haudriettes,2.357949,48.861207
23,Space Invader PA_0028, face au 5 rue Keller,2.376619,48.853923
24,Space Invader PA_0029, 21 rue Pastourelle,2.359894,48.862597
25,Space Invader PA_0030, 44 rue Quincampoix,2.350511,48.860959
26,Space Invader PA_0031, 30 rue de Venise,2.35068,48.86125
27,Space Invader PA_0032, 108 rue Vieille du Temple,2.36275,48.86096
28,Space Invader PA_0034, 61 rue Vieille du Temple,2.358503,48.858645
29,Space Invader PA_0035 & PA_0482, 24 rue PavÃƒÂ©e,2.361749,48.857217
30,Space Invader PA_0036, face au 7 boulevard Vincent Auriol,2.373305,48.837191
31,Space Invader PA_0037, 8 rue du Pasteur Wagner,2.369763,48.85557
32,Space Invader PA_0038, 1 passage ThÃƒÂ©riÃƒÂ©,2.374937,48.853203
33,Space Invader PA_0039, 2 rue d'Ãƒâ€°cosse,2.346597,48.848325
34,Space Invader PA_0040, 45 rue de la Montagne Sainte-GeneviÃƒÂ¨ve,2.348168,48.847145
35,Space Invader PA_0041, Porte de la Villette,2.386005,48.89768
36,Space Invader PA_0043, 26 rue de l'Hirondelle,2.34268,48.8537
37,Space Invader PA_0044, 2 rue de l'Ancienne ComÃƒÂ©die,2.338489,48.853573
38,Space Invader PA_0046, statue de Danton,2.339178,48.852267
39,Space Invader PA_0047, 4bis passage de la Main d'Or,2.37796,48.8516
40,Space Invader PA_0048, 10 rue Amelot,2.3693,48.85586
41,Space Invader PA_0049, 117 rue Oberkampf,2.378379,48.865957
42,Space Invader PA_0051, 13 rue de Charonne,2.3744,48.85284
43,Space Invader PA_0053, face au 16 boulevard Vincent Auriol,2.372367,48.836908
44,Space Invader PA_0055, 43 rue du Moulin des PrÃƒÂ©s,2.352881,48.827765
45,Space Invader PA_0056, 10 rue Simonet,2.351604,48.828724
46,Space Invader PA_0057, 34 rue Louise Weiss,2.369748,48.834487
47,Space Invader PA_0058, 14 rue Louise Weiss,2.370642,48.833443
48,Space Invader PA_0059, 1 rue Lacordaire,2.284636,48.844321
49,Space Invader PA_0060, ÃƒÂ©glise Saint-Eustache,2.344486,48.86361
50,Space Invader PA_0061, 2 rue des Petits Carreaux,2.347259,48.866362
51,Space Invader PA_0062 & PA_1078, 99 rue de RÃƒÂ©aumur,2.345456,48.867695
52,Space Invader PA_0063, 74 rue de Charonne,2.379863,48.853421
53,Space Invader PA_0064, devant le MusÃƒÂ©e d'Art Moderne,2.297397,48.864766
54,Space Invader PA_0065, 30 rue de Lappe,2.373914,48.853092
55,Space Invader PA_0066," PA_0067 & PA_0068, 63 rue des Trois FrÃƒÂ¨res",2.33807,48.885639
56,Space Invader PA_0069, 40 rue du Banquier,2.354171,48.834656
57,Space Invader PA_0070, 1 rue de la Verrerie,2.355465,48.856829
58,Space Invader PA_0071, 5 rue de Fourcy,2.35902,48.854802
59,Space Invader PA_0072, rue Charles Luizet,2.367487,48.8616
60,Space Invader PA_0073, 93 rue Jean-Pierre Timbaud,2.379376,48.8684
61,Space Invader PA_0075, sur le piÃƒÂ©destal du lion,2.332466,48.834295
62,Space Invader PA_0076," statue de Jeanne ""au secours"" d'Arc",2.357013,48.83833
63,Space Invader PA_0077, 10 rue de Fleurus,2.331439,48.847133
64,Space Invader PA_0078, 21 passage du Moulin des PrÃƒÂ©s,2.352885,48.828953
65,Space Invader PA_0079, 5 rue ChÃƒÂ©reau,2.35146,48.82788
66,Space Invader PA_0080, 5 rue Ballu,2.330889,48.881628
67,Space Invader PA_0081, 88 rue Saint-Maur,2.377955,48.864884
68,Space Invader PA_0082, pasage de la VoÃƒÂ»te,2.408596,48.846892
69,Space Invader PA_0083, fontaine Boucherat,2.364555,48.864552
70,Space Invader PA_0084, 15 rue du Pas de la Mule,2.366677,48.856007
71,Space Invader PA_0085, 58 rue de Charonne,2.378192,48.853194
72,Space Invader PA_0086, pont de Sully,2.360204,48.850563
73,Space Invader PA_0087, escalier du port de la Gare,2.374162,48.837394
74,Space Invader PA_0088, sortie nord du Carrousel,2.335168,48.862666
75,Space Invader PA_0089, 1 rue Baltard,2.346483,48.862751
76,Space Invader PA_0090, mÃƒÂ©tro Etienne Marcel,2.34899,48.86372
77,Space Invader PA_0092, 8 rue de la Ferronnerie,2.347383,48.86031
78,Space Invader PA_0093, pont du Carroussel,2.333481,48.859832
79,Space Invader PA_0094, porte Fleurus du jardin du Luxembourg,2.33263,48.84704
80,Space Invader PA_0095, 65 rue Richelieu,2.337616,48.867242
81,Space Invader PA_0097, 205 rue de Charenton,2.389005,48.83944
82,Space Invader PA_0098 & PA_0099, sur la fontaine Saint-Michel,2.343702,48.853192
83,Space Invader PA_0102 & PA_0564, 42 boulevard de l'HÃƒÂ´pital,2.361975,48.839907
84,Space Invader PA_0103," 30 rue du Temple, dans la cour",2.354045,48.859253
85,Space Invader PA_0104, sud de la place de la Porte de Montreuil,2.414337,48.853403
86,Space Invader PA_0105, ÃƒÂ  droite du lion de la statue,2.3638,48.86744
87,Space Invader PA_0106, 2 rue Charlemagne,2.361889,48.853901
88,Space Invader PA_0107," pont d'IÃƒÂ©na, rive gauche nord",2.292935,48.859382
89,Space Invader PA_0108, tunnel de l'avenue de New York,2.29058,48.859936
90,Space Invader PA_0109," 587 & 1081, tuyaux d'ÃƒÂ©vacuation du Centre Pompidou",2.352534,48.859764
91,Space Invader PA_0110, 91 rue Quincampoix,2.35125,48.86263
92,Space Invader PA_0111, 20 rue Hermel,2.344664,48.891598
93,Space Invader PA_0112, 19 rue Gassendi,2.326943,48.835
94,Space Invader PA_0113, 46 rue du Cardinal Lemoine,2.351423,48.846596
95,Space Invader PA_0114 & PA_1023, 26 rue Vieille du Temple,2.357275,48.857153
96,Space Invader PA_0115, impasse des ArbalÃƒÂ©triers,2.359639,48.858572
97,Space Invader PA_0116, 45 passage ThiÃƒÂ©rÃƒÂ©,2.372764,48.854719
98,Space Invader PA_0117, 31 passage ThiÃƒÂ©rÃƒÂ© sur le trottoir,2.373113,48.854414
99,Space Invader PA_0118, 1 rue Raymond Ayron,2.375347,48.835576
100,Space Invader PA_0119 & PA_0824, 102 rue de Bagnolet,2.402789,48.859426
101,Space Invader PA_0120, 44 quai de Jemmapes,2.367228,48.869474
102,Space Invader PA_0121, 7 rue des Saints-PÃƒÂ¨res,2.332797,48.857629
103,Space Invader PA_0122," rue de la Clef, sous le lierre",2.353132,48.840487
104,Space Invader PA_0124, 40 rue de l'Arcade,2.324385,48.873356
105,Space Invader PA_0125, sud de la Fontaine aux Lions,2.39581,48.83954
106,Space Invader PA_0126, pont d'IÃƒÂ©na (rive gauche),2.292681,48.859222
107,Space Invader PA_0128, 1 rue de Charonne,2.37376,48.852
108,Space Invader PA_0131, 53 rue des Orteaux,2.403152,48.856488
109,Space Invader PA_0132, 97 rue des MaraÃƒÂ®chers,2.405541,48.856255
110,Space Invader PA_0133, 7 passage de la Main d'Or,2.3779,48.851674
111,Space Invader PA_0135, entrÃƒÂ©e sud du Carrousel,2.333511,48.860367
112,Space Invader PA_0143, place du ChÃƒÂ¢telet,2.347233,48.857374
113,Space Invader PA_0144, face au 49 rue Saint-Merri,2.35078,48.86014
114,Space Invader PA_0145, 9 rue Saint-Merri,2.353009,48.8593
115,Space Invader PA_0146, 2 rue VÃƒÂ©ronÃƒÂ¨se,2.355438,48.834234
116,Space Invader PA_0147, gare d'Austerlitz,2.365852,48.842848
117,Space Invader PA_0148, sur le pont d'Arcole,2.35063,48.85593
118,Space Invader PA_0149, 1 rue de Turenne,2.362911,48.854717
119,Space Invader PA_0150, angle de la Sorbonne,2.34358,48.84745
120,Space Invader PA_0151, 28 rue Lhomond,2.346784,48.843051
121,Space Invader PA_0152, place de la Concorde,2.323337,48.86619
122,Space Invader PA_0154, mÃƒÂ©tro de Bel-Air,2.400953,48.841734
123,Space Invader PA_0155, 16 rue des Trois Portes,2.348257,48.851375
124,Space Invader PA_0156, 2 rue Simon le Franc,2.354299,48.85991
125,Space Invader PA_0157, 10 rue Clovis,2.348976,48.846242
126,Space Invader PA_0158, 7 rue Debelleyme.,2.363722,48.8607
127,Space Invader PA_0159, 69 rue d'Hauteville,2.351035,48.876025
128,Space Invader PA_0160, 16 rue AndrÃƒÂ© Barsacq,2.340677,48.885374
129,Space Invader PA_0161, 17 rue Yvonne Le Tac,2.339665,48.884163
130,Space Invader PA_0162, 8 quai de la Seine,2.370559,48.884617
131,Space Invader PA_0163, 133 rue Saint-Jacques,2.34355,48.84691
132,Space Invader PA_0165, 5 rue Cortot,2.340567,48.887647
133,Space Invader PA_0166, face au 21 rue Georges Auric,2.38531,48.885298
134,Space Invader PA_0167 & PA_0168, 37 rue Richelieu,2.336674,48.865523
135,Space Invader PA_0169, 2 rue du Mont Cenis,2.341469,48.886355
136,Space Invader PA_0172, 21 rue Carpeaux,2.3318,48.89119
137,Space Invader PA_0175, 18 passage du Chantier,2.373552,48.851599
138,Space Invader PA_0176, 12 rue Cassette,2.33077,48.849961
139,Space Invader PA_0177, 12 rue du 29 Juillet,2.33081,48.865373
140,Space Invader PA_0178, 165 rue du Faubourg Saint-HonorÃƒÂ©,2.305926,48.874702
141,Space Invader PA_0179, entrÃƒÂ©e du tunnel de Champigny,2.50721,48.82725
142,Space Invader PA_0180, 14 rue Madame,2.331925,48.851063
143,Space Invader PA_0181, 20-24 rue Madame,2.331768,48.850645
144,Space Invader PA_0182, 18 rue Madame,2.331918,48.850962
145,Space Invader PA_0183, 19 rue de MÃƒÂ©ziÃƒÂ¨res,2.331885,48.85035
146,Space Invader PA_0184, 2 rue Mignon,2.341737,48.852326
147,Space Invader PA_0185, 8 rue Scribe,2.33117,48.872642
148,Space Invader PA_0187, fontaine Jussieu,2.354711,48.846366
149,Space Invader PA_0188, 39 rue des Francs-Bourgeois,2.36018,48.85788
150,Space Invader PA_0189, 3 rue Geoffroy Langevin,2.354532,48.860515
151,Space Invader PA_0190, 1 rue Stendhal,2.403704,48.860208
152,Space Invader PA_0191, 21 chemin du Parc de Charonne,2.402905,48.86068
153,Space Invader PA_0192 & PA_0785, face au 130 rue de Bagnolet,2.404965,48.860974
154,Space Invader PA_0193, 29 rue de RÃƒÂ©aumur,2.356472,48.865294
155,Space Invader PA_0194, 61 rue du Chemin Vert,2.377448,48.859993
156,Space Invader PA_0195, avenue de la porte Clignancourt,2.344819,48.900821
157,Space Invader PA_0196, place de la Bataille de Stalingrad,2.368895,48.883703
158,Space Invader PA_0197, cimetiÃƒÂ¨re de Montmartre,2.33238,48.886559
159,Space Invader PA_0198, 27 rue Sainte-Marthe,2.372611,48.874305
160,Space Invader PA_0200, face au 194 rue de Bercy,2.37238,48.844506
161,Space Invader PA_0201, 19 rue Georges Lardennois,2.37682,48.87801
162,Space Invader PA_0204, place de la porte de Pantin,2.395975,48.889956
163,Space Invader PA_0205, parvis de Saint-Vincent-de-Paul,2.35168,48.878073
164,Space Invader PA_0206, place de Clichy,2.327428,48.883508
165,Space Invader PA_0207, 7 rue DamrÃƒÂ©mont,2.332576,48.887721
166,Space Invader PA_0208, mÃƒÂ©tro Raspail,2.331491,48.837428
167,Space Invader PA_0209, sur la coque du Batofar,2.379387,48.833351
168,Space Invader PA_0210, 6 rue Marx Dormoy,2.359571,48.885295
169,Space Invader PA_0211, 30 rue du Faubourg Saint-Antoine,2.371607,48.852441
170,Space Invader PA_0212, 123 boulevard de Charonne,2.39305,48.85705
171,Space Invader PA_0213, 84 rue Mouffetard,2.349683,48.842099
172,Space Invader PA_0215 & PA_1056, 0 rue Montgallet,2.386157,48.842592
173,Space Invader PA_0216, 67 rue de l'Amiral Mouchez,2.342467,48.821572
174,Space Invader PA_0218, Tunnel Van-Gogh,2.37204,48.84423
175,Space Invader PA_0219, face au 8 rue AndrÃƒÂ© Voguet,2.37367,48.81957
176,Space Invader PA_0220, mÃƒÂ©tro Quai de la Gare,2.373523,48.837396
177,Space Invader PA_0221, 91 rue Rebeval,2.382938,48.873796
178,Space Invader PA_0222, 94 rue du Faubourg du Temple,2.374427,48.871109
179,Space Invader PA_0223, 20 rue Abel,2.376069,48.848217
180,Space Invader PA_0224, sur les panneaux d'information du pÃƒÂ©riph',2.373607,48.819874
181,Space Invader PA_0225, sur le pont du periph' porte d'Ivry,2.373015,48.819453
182,Space Invader PA_0226, 83 rue d'Hauteville,2.351173,48.876749
183,Space Invader PA_0228, pont de la rue de l'Ourcq,2.38295,48.88991
184,Space Invader PA_0229, rue Antoine Dubois,2.339681,48.851027
185,Space Invader PA_0231, 1 rue Tiquetonne,2.349905,48.864322
186,Space Invader PA_0232, 11 rue FranÃƒÂ§aise,2.347672,48.864543
187,Space Invader PA_0233, 1 rue des CÃƒÂ©vennes,2.276331,48.844456
188,Space Invader PA_0236, 16 rue Magellan,2.29964,48.87095
189,Space Invader PA_0237, 156 avenue des Champs Ãƒâ€°lysÃƒÂ©es,2.297074,48.873433
190,Space Invader PA_0238, 8 rue FranÃƒÂ§ois 1er,2.307521,48.866054
191,Space Invader PA_0240, face au 23 boulevard Diderot,2.373868,48.845741
192,Space Invader PA_0241, mÃƒÂ©tro Bel-Air face sud,2.400885,48.841006
193,Space Invader PA_0242, 94-100 avenue Saint-MandÃƒÂ©,2.406932,48.844487
194,Space Invader PA_0243, 8bis rue Abel,2.375117,48.846819
195,Space Invader PA_0245, 47 rue Oberkampf,2.371976,48.864602
196,Space Invader PA_0247, 1 rue Firmin Gillot,2.289533,48.833349
197,Space Invader PA_0248, 64 rue de la Fontaine au Roi,2.374516,48.868299
198,Space Invader PA_0250, entrÃƒÂ©e du mini-square de Jemmapes,2.367355,48.868861
199,Space Invader PA_0251, ÃƒÂ  l'ouest de la fontaine des Innocents,2.348006,48.860668
200,Space Invader PA_0253, pont de l'Alma cÃƒÂ´tÃƒÂ© rive droite,2.301387,48.864059
201,Space Invader PA_0254, 101 avenue des Champs-Ãƒâ€°lysÃƒÂ©es,2.300541,48.871809
202,Space Invader PA_0255, sous le banc face ÃƒÂ  l'arrÃƒÂªt de bus Varsovie,2.291354,48.861297
203,Space Invader PA_0256, place de Varsovie,2.291805,48.860866
204,Space Invader PA_0257, mÃƒÂ©tro Passy,2.285713,48.857696
205,Space Invader PA_0258, 29 avenue de Lamballe,2.278808,48.854483
206,Space Invader PA_0259, 78 rue d'Auteuil,2.259879,48.84826
207,Space Invader PA_0260, place de l'Ãƒâ€°glise d'Auteuil,2.268704,48.847438
208,Space Invader PA_0262, place de la Nation (cÃƒÂ´tÃƒÂ© avenue du TrÃƒÂ´ne),2.397285,48.848006
209,Space Invader PA_0263, sur les marches du mÃƒÂ©tro Victor Hugo,2.285663,48.86995
210,Space Invader PA_0264, 115 rue de la Tour,2.275514,48.862998
211,Space Invader PA_0265, face au 27 boulevard Jules Sandeau,2.272269,48.862923
212,Space Invader PA_0266, 11 rue de la Manutention,2.29564,48.864649
213,Space Invader PA_0267, 10 rue de Magdebourg,2.290235,48.864144
214,Space Invader PA_0268, 96 rue de Courcelles,2.303607,48.879002
215,Space Invader PA_0269, sur le Chasseur ÃƒÂ  pied de la Redoute de Gravelle,2.45549,48.818166
216,Space Invader PA_0270, 2 rue Yves Toudic,2.36524,48.86818
217,Space Invader PA_0271, 7 rue Vancouleurs,2.377477,48.869135
218,Space Invader PA_0272, 96 rue de Tolbiac,2.364164,48.8268
219,Space Invader PA_0273, 21 rue Aubry le Boucher,2.350215,48.860374
220,Space Invader PA_0275, 14 rue Pierre Dupont,2.365226,48.879429
221,Space Invader PA_0277, 31 rue de Charonne,2.375826,48.853336
222,Space Invader PA_0278, 53 rue des MaraÃƒÂ®chers,2.40656,48.85287
223,Space Invader PA_0279, 116 rue du Faubourg du Temple,2.37615,48.87163
224,Space Invader PA_0280, 8 rue Spinoza,2.385976,48.863872
225,Space Invader PA_0282, 61 rue de la Verrerie,2.352673,48.858056
226,Space Invader PA_0283, 101 rue du Faubourg du Temple,2.37355,48.87084
227,Space Invader PA_0285, passage Ben Aiad,2.34607,48.86603
228,Space Invader PA_0286, 28 rue du Chevalier de la Barre,2.344445,48.887508
229,Space Invader PA_0291, 15 rue des PlÃƒÂ¢triÃƒÂ¨res,2.390122,48.867868
230,Space Invader PA_0293, 84 rue du Faubourg du Temple,2.37335,48.870664
231,Space Invader PA_0294, 14 rue de Moussy,2.35607,48.85821
232,Space Invader PA_0295, 4 rue du Jour,2.344822,48.863788
233,Space Invader PA_0301, 44 rue de Charenton,2.373484,48.850261
234,Space Invader PA_0302, 37 rue de Belleville,2.389857,48.879066
235,Space Invader PA_0303, 24 passage Boiton,2.35075,48.82682
236,Space Invader PA_0305, face au 49 rue Geoffroy-Saint-Hilaire,2.35551,48.84271
237,Space Invader PA_0307, 77 rue de MÃƒÂ©nilmontant,2.389394,48.868685
238,Space Invader PA_0308, 2 quai du 4 septembre,2.225299,48.841443
239,Space Invader PA_0309, 1 boulevard de l'Amiral Bruix,2.282737,48.876904
240,Space Invader PA_0310 & PA_1335, passerelle de la Porte de Saint-Cloud,2.255328,48.83748
241,Space Invader PA_0311, face au 5 rue BrÃƒÂ©a,2.330293,48.843579
242,Space Invader PA_0312, parvis de Saint-Pierre de Montrouge,2.327061,48.828366
243,Space Invader PA_0315, face au 32 boulevard Auguste Blanqui,2.351154,48.830074
244,Space Invader PA_0316 & PA_0940, rue des Artistes,2.334741,48.827372
245,Space Invader PA_0317, devant la Fondation Cartier,2.33168,48.83667
246,Space Invader PA_0320, 34 rue du Faubourg Saint-Jacques,2.338129,48.836622
247,Space Invader PA_0321, 17 rue Malebranche,2.342015,48.846537
248,Space Invader PA_0322, 77 allÃƒÂ©e du SÃƒÂ©minaire,2.332883,48.848861
249,Space Invader PA_0323, 102 rue de Charonne,2.384158,48.85437
250,Space Invader PA_0325, 17 rue Robineau,2.39397,48.86496
251,Space Invader PA_0326, 10 rue de Picpus,2.39293,48.84783
252,Space Invader PA_0327, 29 rue du Faubourg PoissonniÃƒÂ¨re,2.34781,48.87301
253,Space Invader PA_0328, 40 rue Ãƒâ€°tienne Marcel,2.344234,48.865113
254,Space Invader PA_0329, 14 rue Pajol,2.36116,48.88652
255,Space Invader PA_0330, 102 rue du Faubourg PoissonniÃƒÂ¨re,2.349266,48.878407
256,Space Invader PA_0331, 2 rue Pierre au Lard,2.353003,48.859389
257,Space Invader PA_0332, 41 rue du Repos sous la plaque du cimÃƒÂ¨tiÃƒÂ¨re,2.38935,48.859626
258,Space Invader PA_0333, 39 rue Condorcet,2.344263,48.880004
259,Space Invader PA_0334, 7-13 Place Valhubert,2.363976,48.84398
260,Space Invader PA_0335, 135 boulevard de la Villette,2.369949,48.882124
261,Space Invader PA_0336, centre d'HygiÃƒÂ¨ne Sociale,2.353239,48.890439
262,Space Invader PA_0339, square du Docteur-Grancher,2.39475,48.86541
263,Space Invader PA_0340, 45 quai de Bourbon,2.35363,48.85356
264,Space Invader PA_0342, 19 rue LaferriÃƒÂ¨re,2.336928,48.879075
265,Space Invader PA_0343, pont d'IÃƒÂ©na (rive droite),2.291105,48.860173
266,Space Invader PA_0344, tunnel du quai Branly,2.293519,48.859365
267,Space Invader PA_0345, 95 rue de SÃƒÂ¨vres,2.32166,48.84892
268,Space Invader PA_0346, 16 boulevard Pasteur,2.312245,48.842905
269,Space Invader PA_0347, passage des Ãƒâ€°pinettes,2.325474,48.843163
270,Space Invader PA_0348, 39bis boulevard de la Chapelle,2.356254,48.884037
271,Space Invader PA_0349, 7 avenue Bosquet,2.302593,48.861245
272,Space Invader PA_0350, ÃƒÂ©cole primaire de l'avenue d'Ivry,2.365082,48.822933
273,Space Invader PA_0351, 121 rue de MÃƒÂ©nilmontant,2.394195,48.870021
274,Space Invader PA_0352, 21 rue d'Alsace,2.358214,48.877675
275,Space Invader PA_0353, sortie de mÃƒÂ©tro face au 27 boulevard de la Madeleine,2.32475,48.86946
276,Space Invader PA_0354, 13 rue Jean Lantier,2.345915,48.858659
277,Space Invader PA_0355, 4 rue de la Grande Truanderie,2.349708,48.862629
278,Space Invader PA_0357, 21 boulevard Lefebvre,2.290355,48.832037
279,Space Invader PA_0358, 14 rue de Savies,2.391285,48.871463
280,Space Invader PA_0359, 45 rue Saint-Roch,2.332864,48.866424
281,Space Invader PA_0360, 0 rue Saint-Roch,2.331188,48.863935
282,Space Invader PA_0362, en face de Chez Prune,2.364704,48.871724
283,Space Invader PA_0363, 116 avenue de Choisy,2.360009,48.826298
284,Space Invader PA_0364, 347 rue de Vaugirard,2.29638,48.83711
285,Space Invader PA_0365, 268 rue de Vaugirard,2.300281,48.839249
286,Space Invader PA_0366, 127 rue Castagnary,2.30356,48.8299
287,Space Invader PA_0367, 108 rue Brancion,2.3017,48.82981
288,Space Invader PA_0369, 7 rue Jules VallÃƒÂ¨s,2.385082,48.853404
289,Space Invader PA_0371, Ouest de la fontaine de Montreuil,2.38316,48.85037
290,Space Invader PA_0372, 63 rue du Faubourg Saint-Antoine,2.37404,48.85191
291,Space Invader PA_0373, 121 rue Oberkampf,2.378809,48.866061
292,Space Invader PA_0374, 29 boulevard Raspail,2.326541,48.853198
293,Space Invader PA_0375, 2 rue de l'Est,2.395388,48.870922
294,Space Invader PA_0376, 28 rue de Poitou,2.362442,48.86167
295,Space Invader PA_0377, 52 boulevard Voltaire,2.37105,48.86302
296,Space Invader PA_0378, 45 rue de Poitou,2.36131,48.86174
297,Space Invader PA_0379, 17 rue des Blancs-Manteaux,2.35731,48.85881
298,Space Invader PA_0380, port du Gros-caillou,2.309289,48.862947
299,Space Invader PA_0381," place Joffre, allÃƒÂ©e Thomy Thierry",2.301291,48.852271
300,Space Invader PA_0384, 26 rue du Moulin Joly,2.378334,48.869815
301,Space Invader PA_0385, 41 rue Dunois,2.36856,48.83149
302,Space Invader PA_0386, croisement rue de Rome/bvd des Batignolles,2.32087,48.881849
303,Space Invader PA_0388, Gare Montparnasse,2.320092,48.841083
304,Space Invader PA_0389, 86 rue de Botzaris,2.389352,48.879467
305,Space Invader PA_0390, 1 passage Gustave Lepeu,2.386367,48.856021
306,Space Invader PA_0391, 114 quai de Bercy,2.385019,48.83174
307,Space Invader PA_0392, 35 quai des Grands Augustins,2.342448,48.854565
308,Space Invader PA_0394, pont Saint-Michel,2.344578,48.854351
309,Space Invader PA_0395, 14 rue Chomel,2.32449,48.85182
310,Space Invader PA_0396, 49 rue de Beaubourg,2.35441,48.862668
311,Space Invader PA_0398, 1 pont Morland,2.365655,48.84742
312,Space Invader PA_0399, pont de l'Alma,2.302184,48.862586
313,Space Invader PA_0400, 93 quai d'Orsay,2.302284,48.862166
314,Space Invader PA_0401, fontaine de Cuvier,2.354947,48.843999
315,Space Invader PA_0402, quai Anantole France,2.32015,48.86244
316,Space Invader PA_0403, porte N-E du parc George Brassens,2.30289,48.83208
317,Space Invader PA_0404, face au 2 place de la Bourse,2.342066,48.869401
318,Space Invader PA_0405, face au 110 rue Castagnary,2.305931,48.830168
319,Space Invader PA_0406, 4 rue de Braque,2.357133,48.860747
320,Space Invader PA_0407, 93 rue Vieille du Temple,2.360883,48.860102
321,Space Invader PA_0410, 0 rue de la Mare,2.38822,48.868393
322,Space Invader PA_0411, 68 rue Orfila,2.397994,48.867053
323,Space Invader PA_0412, 15 rue Robineau,2.393552,48.864799
324,Space Invader PA_0413, 3 boulevard Malsherbes,2.323209,48.869917
325,Space Invader PA_0414, 2 rue du 11 Novembre 1918,2.410014,48.891977
326,Space Invader PA_0415, 34 rue Titon,2.386345,48.852895
327,Space Invader PA_0416, 9 rue de Marseille,2.363221,48.871537
328,Space Invader PA_0418, 139 avenue Michelet,2.344331,48.901461
329,Space Invader PA_0420, 45 rue Anselme,2.336024,48.909131
330,Space Invader PA_0421, 71 rue des Rondeaux,2.39571,48.86476
331,Space Invader PA_0422, 32 rue Dunois,2.36918,48.83124
332,Space Invader PA_0423, 63 avenue Franklin Delano Roosevelt,2.309915,48.871812
333,Space Invader PA_0424, 13 rue de la Manutention,2.295582,48.864665
334,Space Invader PA_0426, face au pavillon d'Italie,2.357022,48.816064
335,Space Invader PA_0427, 10 rue de Tolbiac,2.375363,48.829912
336,Space Invader PA_0428, 7 avenue de la Grande ArmÃƒÂ©e,2.292356,48.874504
337,Space Invader PA_0429, 22 avenue Carnot,2.292479,48.876277
338,Space Invader PA_0430, le Comptoire GÃƒÂ©nÃƒÂ©ral,2.36513,48.872183
339,Space Invader PA_0431, rond-point de la porte de Vincennes,2.414288,48.847269
340,Space Invader PA_0432 & 573, 24 rue de l'Est,2.393294,48.871131
341,Space Invader PA_0433, 33 rue de Sibuet,2.402278,48.843322
342,Space Invader PA_0434, 19 rue Lamblardie,2.39799,48.840725
343,Space Invader PA_0436, Centre culturel de Serbie,2.350814,48.860945
344,Space Invader PA_0437, place du Colonel Fabien,2.370595,48.877651
345,Space Invader PA_0438, petite ceinture pont de la rue Manin,2.385862,48.882949
346,Space Invader PA_0439, 134 boulevard de Clichy,2.32822,48.884036
347,Space Invader PA_0441, 7 rue Gabriel PÃƒÂ©ri,2.356289,48.815533
348,Space Invader PA_0442, 46 Olivier MÃƒÂ©tra,2.393054,48.87446
349,Space Invader PA_0443, entrÃƒÂ©e sud des Buttes Chaumont,2.381094,48.87615
350,Space Invader PA_0444, 14 rue Chaudron,2.365842,48.883149
351,Space Invader PA_0445, 181 rue Lafayette,2.360816,48.880303
352,Space Invader PA_0446, 174 rue Saint-Maur,2.373237,48.870261
353,Space Invader PA_0447, ÃƒÂ  l'intÃƒÂ©rieur d'Artazart,2.36377,48.87265
354,Space Invader PA_0448, 80 quai Jemmapes,2.365148,48.872148
355,Space Invader PA_0449, 73 rue du Faubourg Saint-HonorÃƒÂ©,2.314716,48.871552
356,Space Invader PA_0450, 5 rue Volta,2.356862,48.86477
357,Space Invader PA_0451 & PA_0654, 39 rue de Charonne,2.376638,48.853334
358,Space Invader PA_0452, 5 passage Saint-Antoine,2.376367,48.852811
359,Space Invader PA_0453, 24 ÃƒÂ  32 rue des Amandiers,2.389631,48.864562
360,Space Invader PA_0454, Assainissement de Valmy,2.363638,48.873127
361,Space Invader PA_0455, 48 rue Mazarine,2.337721,48.855155
362,Space Invader PA_0456, 1 place d'IÃƒÂ©na,2.294413,48.8646
363,Space Invader PA_0458, 16 rue Elise Borey,2.390936,48.866403
364,Space Invader PA_0459, mÃƒÂ©tro Chevaleret,2.36825,48.834914
365,Space Invader PA_0460, 39P rue Louise Weiss,2.369952,48.834395
366,Space Invader PA_0461, 5-7 rue Charles Renouvier,2.400009,48.861765
367,Space Invader PA_0462, 44 rue de ClÃƒÂ©ry,2.347578,48.868378
368,Space Invader PA_0464, 6 rue de la Verrerie,2.355457,48.857053
369,Space Invader PA_0465, 114 rue de la Roquette,2.378546,48.856977
370,Space Invader PA_0466, 51 rue de la Fontaine au Roi,2.373402,48.868146
371,Space Invader PA_0467, parc de Belleville,2.384969,48.871567
372,Space Invader PA_0468, 65 rue Montorgueil,2.34698,48.86592
373,Space Invader PA_0470," 1057 & 1062, 64 rue Tiquetonne",2.345683,48.864784
374,Space Invader PA_0471, 83 rue de MÃƒÂ©nilmontant,2.390091,48.868821
375,Space Invader PA_0472, 11Z rue Gaby Sylvia,2.371362,48.85904
376,Space Invader PA_0473, 3 rue Saint-Sulpice,2.338006,48.851471
377,Space Invader PA_0474, 2 rue de Prony,2.308577,48.880578
378,Space Invader PA_0475, 2 avenue de la Grande ArmÃƒÂ©e,2.293325,48.874673
379,Space Invader PA_0476, 1 rue Paul Baudry,2.306088,48.87181
380,Space Invader PA_0477, 267b rue de Paris,2.415553,48.854338
381,Space Invader PA_0478, pont du Rouelle,2.281438,48.852616
382,Space Invader PA_0480, 14 rue du Roi de Sicile,2.359774,48.85587
383,Space Invader PA_0481, sous la plaque de rue du coin du parc,2.332482,48.844974
384,Space Invader PA_0483, 7 rue du Bourg l'AbbÃƒÂ©,2.352013,48.863924
385,Space Invader PA_0484, 24 rue de Vienne,2.323006,48.878388
386,Space Invader PA_0485, 15 rue Paul ValÃƒÂ©rie,2.289909,48.870264
387,Space Invader PA_0486, 26 rue Vaneau,2.31909,48.852909
388,Space Invader PA_0488, 79 rue de Wattignies,2.40039,48.83484
389,Space Invader PA_0489, 1 rue Clavel,2.385594,48.874111
390,Space Invader PA_0490, 10 rue du Chemin de Fer,2.391981,48.899579
391,Space Invader PA_0492, 36 rue du Soleil,2.39531,48.87388
392,Space Invader PA_0493, 87 rue Saint-HonorÃƒÂ©,2.3435,48.86124
393,Space Invader PA_0494, 41 rue Delambre,2.325149,48.841328
394,Space Invader PA_0495, 17 rue de Navarre,2.352557,48.844497
395,Space Invader PA_0496, 51 boulevard Saint-Martin,2.356291,48.868789
396,Space Invader PA_0497, sortie routiÃƒÂ¨re de Roissy-Charles-de-Gaulle,2.528152,49.006762
397,Space Invader PA_0498, 64 rue de la Rochefoucauld,2.33573,48.880778
398,Space Invader PA_0499, pont EugÃƒÂ¨ne-Varlin,2.365507,48.877519
399,Space Invader PA_0501, au pied des escaliers du boulevard du Temple,2.364673,48.866361
400,Space Invader PA_0502, 29 rue Censier,2.353,48.840414
401,Space Invader PA_0503, 74 rue de Turenne,2.364672,48.860382
402,Space Invader PA_0504, 52 rue des Rosiers,2.35837,48.857714
403,Space Invader PA_0505, 12 rue de Thorigny,2.362908,48.859788
404,Space Invader PA_0506, square Pierre Lazareff,2.349292,48.866887
405,Space Invader PA_0507, 21 rue Juliette Dodu,2.369037,48.875379
406,Space Invader PA_0508, 9 rue des Prouvaires,2.344175,48.861702
407,Space Invader PA_0510, place de la Bastille,2.370649,48.853266
408,Space Invader PA_0514, Palais de Tokyo,2.296905,48.864153
409,Space Invader PA_0515, 278 rue du Faubourg Saint-Antoine,2.393914,48.848534
410,Space Invader PA_0516, 129-133 rue de MÃƒÂ©nilmontant,2.395543,48.870172
411,Space Invader PA_0517, 13 rue Froissart,2.36546,48.86167
412,Space Invader PA_0520, viaduc rue Jacques KablÃƒÂ©,2.494696,48.835546
413,Space Invader PA_0521, cimetiÃƒÂ¨re de Belleville,2.399825,48.875538
414,Space Invader PA_0522, Square Jules Ferry,2.369036,48.866379
415,Space Invader PA_0523, face au 4 rue Jean du Bellay,2.353224,48.852787
416,Space Invader PA_0524, 244 avenue du GÃƒÂ©nÃƒÂ©ral de Gaulle,2.508885,48.826905
417,Space Invader PA_0525, 16 rue Saint-Merri,2.352759,48.859482
418,Space Invader PA_0526, au croisement de l'A86 et de la ligne de RER E,2.487126,48.860432
419,Space Invader PA_0527, 74 rue Dunois,2.366221,48.833181
420,Space Invader PA_0528, 13 rue des Anglais,2.34756,48.850632
421,Space Invader PA_0529, 15 rue de Pontoise,2.351715,48.849394
422,Space Invader PA_0530, 83 rue de la Mare,2.388421,48.873512
423,Space Invader PA_0531, 129 rue de MÃƒÂ©nilmontant,2.395348,48.87015
424,Space Invader PA_0533, sous le pÃƒÂ©riph' porte de Cligancourt,2.343811,48.900816
425,Space Invader PA_0534, entrÃƒÂ©e du Palais de Tokyo,2.2967,48.8646
426,Space Invader PA_0535, 37 rue de Terre Neuve,2.39992,48.855303
427,Space Invader PA_0536, 7 rue de la Planchette,2.38871,48.83952
428,Space Invader PA_0537," 160 rue Oberkampf, piscine de l'Espace Form",2.38281,48.86626
429,Space Invader PA_0539, 30 rue Beaubourg dans la cour,2.354191,48.862014
430,Space Invader PA_0540, impasse Questre,2.38131,48.8682
431,Space Invader PA_0542, 5 rue de Rambouillet,2.379208,48.843367
432,Space Invader PA_0543, 1 rue Duchefdelaville,2.370989,48.832575
433,Space Invader PA_0545, 62 rue Villiers de l'Isle Adam,2.39659,48.86761
434,Space Invader PA_0546, 320bis rue de Charenton,2.39717,48.831983
435,Space Invader PA_0547, place FrÃƒÂ©hel,2.381651,48.873155
436,Space Invader PA_0548, 103 rue du Faubourg du Temple,2.373844,48.870979
437,Space Invader PA_0549, 54 rue des Vinaigriers,2.358945,48.873262
438,Space Invader PA_0550, 8 rue de l'Ãƒâ€°chaudÃƒÂ©,2.3366,48.85482
439,Space Invader PA_0551, 1 avenue Ibsen,2.411501,48.865235
440,Space Invader PA_0552, 3 rue Auber,2.330301,48.871768
441,Space Invader PA_0553, 74 rue des Martyrs,2.339937,48.881482
442,Space Invader PA_0554, 101 rue de Reuilly,2.391561,48.843257
443,Space Invader PA_0555, 11 boulevard Beaumarchais,2.368784,48.854589
444,Space Invader PA_0556, 2 rue de l'HÃƒÂ´tel Colbert,2.349057,48.851905
445,Space Invader PA_0557, 282 rue Saint-Jacques,2.341198,48.841544
446,Space Invader PA_0558, 45 rue de la BrÃƒÂ¨che aux Loups,2.39589,48.838579
447,Space Invader PA_0559, 1 rue Raoul,2.396419,48.83874
448,Space Invader PA_0560, 65 boulevard Flandrin,2.27404,48.86858
449,Space Invader PA_0562, 27 rue du Ruisseau,2.339938,48.892412
450,Space Invader PA_0563, 2 place du Palais Royal,2.337129,48.862193
451,Space Invader PA_0565, 3 rue Philippe de Girard,2.361865,48.881076
452,Space Invader PA_0566, 181 rue de la Roquette,2.388514,48.859867
453,Space Invader PA_0567, 117 rue Haxo,2.402223,48.876023
454,Space Invader PA_0568, 2 rue de l'Aqueduc,2.35878,48.879885
455,Space Invader PA_0569, passerelle de Charentonneau,2.442683,48.816851
456,Space Invader PA_0570, 82 rue FranÃƒÂ§ois Miron,2.3595,48.8553
457,Space Invader PA_0571, 10 boulevard de la Bastille,2.36746,48.84726
458,Space Invader PA_0572, 27 rue du Roi de Sicile,2.357385,48.856483
459,Space Invader PA_0574, avenue Pierre Brossolette,2.493827,48.829989
460,Space Invader PA_0575, 22 rue de Poitou,2.363004,48.861596
461,Space Invader PA_0576, 2 place du Carrousel,2.335272,48.862441
462,Space Invader PA_0577, 5 rue Levert,2.389838,48.873222
463,Space Invader PA_0578, 3 place Henri Queuille,2.311836,48.845263
464,Space Invader PA_0579, entrÃƒÂ©e nord-ouest du Carrousel,2.334869,48.862527
465,Space Invader PA_0580, 59 rue de la Verrerie,2.35288,48.85795
466,Space Invader PA_0581, entrÃƒÂ©e nord-est du Carrousel,2.335164,48.862465
467,Space Invader PA_0582, 14 rue Villedo,2.3357,48.866571
468,Space Invader PA_0583, 2 impasse d'Amsterdam,2.326297,48.877746
469,Space Invader PA_0584, 17 rue d'Amsterdam,2.326795,48.877251
470,Space Invader PA_0585, mÃƒÂ©tro Rambuteau,2.353407,48.861338
471,Space Invader PA_0586, 89 boulevard Beaumarchais,2.367439,48.859193
472,Space Invader PA_0588, 5 rue Charles V,2.363238,48.852634
473,Space Invader PA_0589, 1 rue Melingue,2.386179,48.874413
474,Space Invader PA_0590, 17 rue Ãƒâ€°tienne Marcel,2.349401,48.863723
475,Space Invader PA_0591, villa du Clos de Malvert,2.372997,48.869106
476,Space Invader PA_0592, 19 rue FÃƒÂ©rou,2.33412,48.84908
477,Space Invader PA_0593, place Balard sous la Petite Ceinture,2.278256,48.836438
478,Space Invader PA_0594, place Balard,2.278782,48.836677
479,Space Invader PA_0595, 183 rue de Lourmel,2.281867,48.837935
480,Space Invader PA_0596, 85 rue de la Croix Nivert,2.295586,48.843339
481,Space Invader PA_0597, mÃƒÂ©tro La Motte-Picquet-Grenelle,2.297638,48.849209
482,Space Invader PA_0598, 1 avenue de la Motte-Picquet,2.310167,48.8572
483,Space Invader PA_0599, 2 rue de l'Ourcq,2.384861,48.886784
484,Space Invader PA_0600, entrÃƒÂ©e du tunnel de la porte Chaumont,2.396877,48.886487
485,Space Invader PA_0601, A86 ÃƒÂ  l'angle du stade Pierre de Coubertin,2.485377,48.859886
486,Space Invader PA_0602, cour de la MÃƒÂ©tairie,2.385557,48.873826
487,Space Invader PA_0604, 36 rue Erard,2.387123,48.846707
488,Space Invader PA_0605, 1 place Suzanne Valadon,2.34245,48.884387
489,Space Invader PA_0606, 39 rue d'Aboukir,2.344938,48.867182
490,Space Invader PA_0607, 48 rue d'Orsel,2.341899,48.883487
491,Space Invader PA_0608, 1 avenue du GÃƒÂ©nÃƒÂ©ral de Gaulle,2.484218,48.820142
492,Space Invader PA_0609, 35 boulevard de la Chapelle,2.359716,48.884224
493,Space Invader PA_0610, passage Stendhal,2.400375,48.861698
494,Space Invader PA_0611, boulevard Georges Braque,2.473746,48.961187
495,Space Invader PA_0612, 14 rue du Renard,2.352351,48.858923
496,Space Invader PA_0613, derriÃƒÂ¨re un poteau ÃƒÂ  l'entrÃƒÂ©e d'un tunnel,2.361211,48.816267
497,Space Invader PA_0614, bretelle de pÃƒÂ©riphÃƒÂ©rique Porte Brancion,2.298492,48.826254
498,Space Invader PA_0615, 17 passage de la Bonne Graine,2.376714,48.85257
499,Space Invader PA_0616, 31 place Saint-Ferdinand,2.288333,48.877728
500,Space Invader PA_0617, 14 rue Pierre Demours,2.292817,48.880365
501,Space Invader PA_0618, 15 rue Pierre Demours,2.29294,48.880564
502,Space Invader PA_0619, 47 rue Cardinet,2.30578,48.882618
503,Space Invader PA_0620, escalier menant vers le passage Piat,2.38677,48.87046
504,Space Invader PA_0621, porte de Pantin,2.396147,48.888993
505,Space Invader PA_0622, au pied du 18 boulevard de la Guyane,2.412255,48.835582
506,Space Invader PA_0623, porte de la Gare cÃƒÂ´tÃƒÂ© Ivry,2.385989,48.827254
507,Space Invader PA_0624, 10 rue de SÃƒÂ¨vres,2.328452,48.851942
508,Space Invader PA_0626, 200 rue de la Convention,2.296615,48.837111
509,Space Invader PA_0629, impasse Robiquet,2.325509,48.843542
510,Space Invader PA_0630, 30 rue de Martignac,2.318064,48.857442
511,Space Invader PA_0631, entrÃƒÂ©e Nord de l'OpÃƒÂ©ra,2.331371,48.872847
512,Space Invader PA_0634, 10 rue Hautefeuille,2.342636,48.852136
513,Space Invader PA_0635, 21 rue de Vaugirard,2.332644,48.84873
514,Space Invader PA_0636, 32 rue de Poissy,2.351684,48.847975
515,Space Invader PA_0637, 22 place des Vosges,2.366663,48.855987
516,Space Invader PA_0638, 79 rue des Gravilliers,2.353433,48.864746
517,Space Invader PA_0639, 122 rue Lepic,2.338443,48.88667
518,Space Invader PA_0641, 2 rue d'Orchampt,2.337896,48.886268
519,Space Invader PA_0642, 46 rue Berthe,2.338538,48.885997
520,Space Invader PA_0643, 21 rue des Abbesses,2.337857,48.884576
521,Space Invader PA_0644, 2 rue Lamarck,2.344091,48.886213
522,Space Invader PA_0645, rue Charles Monselet,2.400606,48.879724
523,Space Invader PA_0646, porte de Vanves,2.304927,48.827974
524,Space Invader PA_0647, 66 rue Caulaincourt,2.336834,48.889471
525,Space Invader PA_0648, mÃƒÂ©tro Pelleport,2.401491,48.868227
526,Space Invader PA_0649, 1 rue Gaston Pinot,2.389945,48.882785
527,Space Invader PA_0650, 1 rue Desaugiers,2.268078,48.847517
528,Space Invader PA_0651, 52 rue Saint-Didier,2.283506,48.867162
529,Space Invader PA_0652, 25 rue des Sablons,2.282824,48.865032
530,Space Invader PA_0653, 33 rue du ColisÃƒÂ©e,2.309827,48.871372
531,Space Invader PA_0655, 34 rue Debelleyme,2.363702,48.862195
532,Space Invader PA_0656, 112bis rue Championnet,2.3395,48.89589
533,Space Invader PA_0657, 3 avenue Jean JaurÃƒÂ¨s,2.371115,48.88318
534,Space Invader PA_0658, mÃƒÂ©tro Saint-Fargeau,2.404115,48.871633
535,Space Invader PA_0659, 194 rue Championnet,2.332085,48.894157
536,Space Invader PA_0660, 46 rue de LÃƒÂ©vis,2.314096,48.883433
537,Space Invader PA_0661, 41 rue AmpÃƒÂ¨re,2.302939,48.885168
538,Space Invader PA_0663, 25 rue Guersant,2.289603,48.881089
539,Space Invader PA_0664, 31 rue des Acacias,2.29226,48.87718
540,Space Invader PA_0665, 127 rue de Lauriston,2.285567,48.86556
541,Space Invader PA_0666, face au 29 quai de grenelle,2.28643,48.852895
542,Space Invader PA_0667, 64 avenue de Choisy,2.36211,48.823602
543,Space Invader PA_0668, 26 avenue Jean Aicard,2.380604,48.866368
544,Space Invader PA_0669, pont ferroviaire de la porte des Poissonniers,2.35365,48.898293
545,Space Invader PA_0670, 17 rue de l'Ãƒâ€°querre,2.382439,48.874863
546,Space Invader PA_0671, 54 avenue Bolivar,2.378205,48.876522
547,Space Invader PA_0672, 1 avenue Jean Aicard,2.381662,48.864357
548,Space Invader PA_0673, 1 rue de l'Ancienne ComÃƒÂ©die,2.338324,48.85358
549,Space Invader PA_0674, passage Alexandre,2.315487,48.840239
550,Space Invader PA_0675, 1bis rue Friant,2.325317,48.827125
551,Space Invader PA_0677, 46 rue de Seine,2.336777,48.854694
552,Space Invader PA_0678, 6 rue de Seine,2.336413,48.857238
553,Space Invader PA_0679, 1 rue de l'ArbalÃƒÂ¨te,2.349749,48.840425
554,Space Invader PA_0680 & 1099, 4 rue de la Mare,2.388493,48.868496
555,Space Invader PA_0681, 10 rue d'Ormesson,2.362038,48.855447
556,Space Invader PA_0682, 21 rue des Francs-Bourgeois,2.362962,48.856802
557,Space Invader PA_0683, 132 boulevard Richard Lenoir,2.370005,48.865832
558,Space Invader PA_0684, 23bis rue Poliveau,2.359213,48.840199
559,Space Invader PA_0685, sortie 18 de l'A86,2.48817,48.85823
560,Space Invader PA_0686, 1 rue Marius Delcher,2.399139,48.828627
561,Space Invader PA_0690, 12 rue Jean-Henri Fabre,2.342903,48.901307
562,Space Invader PA_0691, 1 rue Rafflet,2.26577,48.85038
563,Space Invader PA_0692, 24 rue du Docteur Blanche,2.265482,48.854442
564,Space Invader PA_0693, 15 rue Pierre GuÃƒÂ©rin,2.266419,48.848932
565,Space Invader PA_0694, 26 rue Poussin,2.2634,48.848773
566,Space Invader PA_0695, 1 rue Jasmin,2.267952,48.852472
567,Space Invader PA_0696, 9 rue Debellyeme,2.363171,48.861165
568,Space Invader PA_0697, 14 boulevard Richard Lenoir,2.369859,48.853908
569,Space Invader PA_0698, 10 rue Saint-Sabin,2.37208,48.855118
570,Space Invader PA_0699, 127 rue des PyrÃƒÂ©nÃƒÂ©es,2.40393,48.85736
571,Space Invader PA_0700, 65 rue des PyrÃƒÂ©nÃƒÂ©es,2.406015,48.852469
572,Space Invader PA_0701, 1 rue Godefroy Cavaignac,2.38187,48.85402
573,Space Invader PA_0702, 98 rue de Charonne,2.38185,48.853809
574,Space Invader PA_0703, 47 rue de Charonne,2.377438,48.853172
575,Space Invader PA_0704, 17 rue de la Cerisaie,2.365003,48.852243
576,Space Invader PA_0705, 32 rue de Patay,2.374785,48.825532
577,Space Invader PA_0706, 42 villa Auguste Blanqui,2.367399,48.830642
578,Space Invader PA_0707, 17 rue Beautreillis,2.36409,48.85343
579,Space Invader PA_0708, 11 passage Gauthier,2.381437,48.875696
580,Space Invader PA_0710, 7 rue de LesdiguiÃƒÂ¨res,2.366907,48.852983
581,Space Invader PA_0711, 27 rue des Tournelles,2.367249,48.855854
582,Space Invader PA_0712, 20 rue de Dunkerque,2.353532,48.880354
583,Space Invader PA_0713, 1 rue Taylor,2.358775,48.869021
584,Space Invader PA_0714, 25 rue Watt,2.378769,48.826486
585,Space Invader PA_0715, 3 CitÃƒÂ© Aubry,2.395469,48.857119
586,Space Invader PA_0717, 2 rue des Orteaux,2.398039,48.856953
587,Space Invader PA_0718, 39 rue Basfroi,2.378545,48.855747
588,Space Invader PA_0719, 1 rue Camille Desmoulins,2.3802,48.85859
589,Space Invader PA_0720, 19 rue de la Ferronnerie,2.347488,48.86022
590,Space Invader PA_0722, 11 rue Michel Lecomte,2.356246,48.862132
591,Space Invader PA_0723, 12 rue de Parme,2.327524,48.881331
592,Space Invader PA_0724, 4 rue Papillon,2.347827,48.875964
593,Space Invader PA_0725, 7 rue de Dunkarque,2.357742,48.879386
594,Space Invader PA_0726, 135 rue de Rome,2.316589,48.88561
595,Space Invader PA_0727, 51 rue de Clichy,2.328624,48.880744
596,Space Invader PA_0728, 18 rue Caroline,2.323402,48.883526
597,Space Invader PA_0729, cour du Havre,2.326082,48.87584
598,Space Invader PA_0730, 6 rue Bleue,2.347215,48.875865
599,Space Invader PA_0732, 2 rue Jouye-Rouve,2.38255,48.873293
600,Space Invader PA_0733, 38 rue du Moulin Joly,2.377714,48.870538
601,Space Invader PA_0734, 20 rue du Faubourg Montmartre,2.343061,48.873159
602,Space Invader PA_0735, 66 rue des Rochers,2.319,48.87899
603,Space Invader PA_0736, 334 rue Saint-HonorÃƒÂ©,2.33036,48.8658
604,Space Invader PA_0737, 21 rue Charles FrÃƒÂ©del,2.396104,48.87271
605,Space Invader PA_0738, 20 rue Clavel,2.383608,48.875831
606,Space Invader PA_0739, 120 rue de MÃƒÂ©nilmontant,2.394924,48.869942
607,Space Invader PA_0740, 99 rue Claude Decaen,2.396012,48.838869
608,Space Invader PA_0741, 194 boulevard de la Villette,2.370526,48.88212
609,Space Invader PA_0742, 322 rue des PyrÃƒÂ©nÃƒÂ©es,2.390778,48.872953
610,Space Invader PA_0743, 45 rue du Faubourg du Temple,2.36897,48.869494
611,Space Invader PA_0744, La Bellevilloise,2.392021,48.868755
612,Space Invader PA_0746, 79 rue Charlot,2.364217,48.86436
613,Space Invader PA_0747, librairie Mazarine,2.338092,48.853989
614,Space Invader PA_0748, Avenue de la Porte de la Villette,2.38804,48.89966
615,Space Invader PA_0749, face au conservatoire de Montreuil,2.436125,48.85901
616,Space Invader PA_0750, 4 rue du Sergent Bobillot,2.434642,48.857381
617,Space Invader PA_0751, 11 rue Girardot,2.439718,48.860505
618,Space Invader PA_0752, 14 boulevard Edouard Branly,2.440929,48.876096
619,Space Invader PA_0753, 120 rue d'Avron,2.407912,48.852952
620,Space Invader PA_0754, 59bis rue Popincourt,2.375421,48.860385
621,Space Invader PA_0755, 6 rue de la Victoire,2.340506,48.875067
622,Space Invader PA_0756, 4 rue Flechier,2.339413,48.87662
623,Space Invader PA_0757, place Marcel Sembat,2.24399,48.83374
624,Space Invader PA_0758, 44 quai du Point du Jour,2.257281,48.830897
625,Space Invader PA_0761, 1 quai Louis BlÃƒÂ©riot,2.2784,48.851105
626,Space Invader PA_0762, face au 99 boulevard de Montmorency,2.260419,48.848516
627,Space Invader PA_0763, A3/Boulevard Edouard Branly,2.441232,48.875949
628,Space Invader PA_0764, 28 rue Serpente,2.341462,48.852426
629,Space Invader PA_0765, 17 rue de l'Estrapade,2.346528,48.844762
630,Space Invader PA_0766, 97 rue Mouffetard,2.349618,48.841397
631,Space Invader PA_0767, 0 rue du Fer ÃƒÂ  Moulin,2.356229,48.839616
632,Space Invader PA_0768, 42 boulevard Diderot,2.378005,48.846213
633,Space Invader PA_0769, 65 rue du Temple,2.355181,48.860716
634,Space Invader PA_0770, 6 rue de la Tour d'Auvergne,2.345214,48.878821
635,Space Invader PA_0771, 132 rue des PyrÃƒÂ©nÃƒÂ©es,2.402883,48.858658
636,Space Invader PA_0774, 119 avenue Parmentier,2.371913,48.868623
637,Space Invader PA_0775, 4 place des Victoires,2.340667,48.865825
638,Space Invader PA_0776, 14 rue Castellane,2.324096,48.87263
639,Space Invader PA_0778," 0779, 0782, 0783, 0784, 0786, 0787, 0788, 0789 & 0790, pÃƒÂ©riphÃƒÂ©rique le long des immeubles de la rue Maryse BastiÃƒÂ©",2.37492,48.82046
640,Space Invader PA_0780, 12 rue Madame,2.331966,48.851286
641,Space Invader PA_0781, 2 rue des Boulangers,2.35432,48.846086
642,Space Invader PA_0795, 8 cour du Commerce Saint-AndrÃƒÂ©,2.33924,48.852734
643,Space Invader PA_0796, 110 rue Vieille du Temple,2.362933,48.861041
644,Space Invader PA_0797, 77 rue de Lille,2.324936,48.859905
645,Space Invader PA_0798, 184 boulevard Saint-Germain,2.331097,48.854443
646,Space Invader PA_0800, 56bis rue du Louvre,2.3435,48.86583
647,Space Invader PA_0801, maison de Serge Gainsbourg,2.33175,48.85719
648,Space Invader PA_0802, 27 rue du Four,2.33386,48.85263
649,Space Invader PA_0803, entrÃƒÂ©e de la Cour du Commerce Saint-AndrÃƒÂ©,2.339247,48.852498
650,Space Invader PA_0809, 7 rue Lasson,2.406068,48.843246
651,Space Invader PA_0810, 1 passage Turquetil,2.392899,48.850527
652,Space Invader PA_0811, Est de la fontaine de Montreuil,2.383073,48.850359
653,Space Invader PA_0812, 12bis rue de Cotte,2.3777,48.8493
654,Space Invader PA_0813, passerelle Richerand,2.365215,48.87185
655,Space Invader PA_0814, 10 rue du Ponceau,2.35142,48.86688
656,Space Invader PA_0815, 15 rue du Renard,2.35195,48.858605
657,Space Invader PA_0816, ancienne gare maritime Sully-Morland,2.360164,48.85227
658,Space Invader PA_0817, 1 rue Saint-Blaise,2.404223,48.860202
659,Space Invader PA_0818, 68 rue Saint-Sabin,2.368528,48.859604
660,Space Invader PA_0819, 2 rue Bailleul,2.34241,48.860951
661,Space Invader PA_0820, 10 rue de Bretagne,2.363723,48.862364
662,Space Invader PA_0821, ÃƒÂ©dicule EDF face au 81 boulevard de Charonne,2.395969,48.854407
663,Space Invader PA_0822, 2 rue de Lesseps,2.400672,48.858452
664,Space Invader PA_0823, 145 avenue Jean JaurÃƒÂ¨s,2.38499,48.8867
665,Space Invader PA_0825, 186 rue de Paris,2.423043,48.855796
666,Space Invader PA_0826, 22 rue Denoyez,2.378194,48.872319
667,Space Invader PA_0827, 1 bis rue des Rondonneaux,2.399423,48.863391
668,Space Invader PA_0828, 38 rue de Terre Neuve,2.399058,48.854764
669,Space Invader PA_0829, 104 rue de Buzenval,2.398948,48.855099
670,Space Invader PA_0830, 68 rue des Orteaux,2.405892,48.856031
671,Space Invader PA_0831, mÃƒÂ©tro Buzenval,2.401255,48.851954
672,Space Invader PA_0832, 100 rue de la RÃƒÂ©union,2.399387,48.857551
673,Space Invader PA_0833, dans l'Abribus,2.399298,48.857411
674,Space Invader PA_0834, entrÃƒÂ©e du PÃƒÂ¨re Lachaise,2.39874,48.85837
675,Space Invader PA_0835, 13 rue de Lasseps,2.39961,48.85916
676,Space Invader PA_0836, 11 passage ThiÃƒÂ©rÃƒÂ©,2.374087,48.853818
677,Space Invader PA_0837, 53bis rue de la Roquette,2.375263,48.855904
678,Space Invader PA_0838, 113 boulevard de Charonne,2.39423,48.85637
679,Space Invader PA_0839, 20 rue de la Grande Truanderie,2.348743,48.862906
680,Space Invader PA_0841, 4 rue Marie Stuart,2.348423,48.864981
681,Space Invader PA_0842 & PA_1040, 32 rue Saint-Roch,2.333121,48.866503
682,Space Invader PA_0843, 246 rue de Rivoli,2.32519,48.866059
683,Space Invader PA_0844 & PA_0918, 20 rue de Courcelles,2.31016,48.87421
684,Space Invader PA_0845, 73 rue La BoÃƒÂ©tie,2.30986,48.872463
685,Space Invader PA_0846, 4 rue de RÃƒÂ©aumur,2.359575,48.864751
686,Space Invader PA_0847, mÃƒÂ©tro Volontaires,2.307994,48.841557
687,Space Invader PA_0848, 1 rue de l'Armorique,2.31498,48.84012
688,Space Invader PA_0849, 3 rue du Maine,2.323702,48.840532
689,Space Invader PA_0850, 1 rue Poinsot,2.32324,48.84065
690,Space invader PA_0851, 14 Bis rue de la Grande ChaumiÃƒÂ¨re,2.330338,48.842183
691,Space Invader PA_0852, 10 rue Saint-Maur,2.38287,48.859408
692,Space Invader PA_0853, 12 rue de la Grange aux Belles,2.365062,48.873725
693,Space Invader PA_0854, 1 rue de Tombouctou,2.356058,48.884381
694,Space Invader PA_0855, 75 rue Lepic,2.335894,48.887443
695,Space Invader PA_0856, rue Saint-Eleuthere,2.34136,48.88653
696,Space Invader PA_0857, sud-ouest de la place du Tertre,2.340571,48.88637
697,Space Invader PA_0858, 1 rue la BruyÃƒÂ¨re,2.336978,48.878807
698,Space Invader PA_0859, 1 rue de la Lune,2.351582,48.869763
699,Space Invader PA_0860, 1 rue de l'Oratoire,2.339842,48.86133
700,Space Invader PA_0861, 30 passage Saint-Sebastien,2.37005,48.861853
701,Space Invader PA_0862, 127 rue du Faubourg Saint-HonorÃƒÂ©,2.309465,48.873264
702,Space Invader PA_0863, statue derriÃƒÂ¨re le stade Charlety,2.347442,48.816734
703,Space Invader PA_0864, 32 place Saint-Georges,2.337431,48.878599
704,Space Invader PA_0865, 53 rue Blanche,2.331532,48.881236
705,Space Invader PA_0866, 0 rue Paul Escudier,2.331499,48.880597
706,Space Invader PA_0867, 30 boulevard de Courcelles,2.312029,48.880949
707,Space Invader PA_0868, 1 boulevard Malsherbes,2.32322,48.86979
708,Space Invader PA_0869, quai de Valmy,2.364654,48.871945
709,Space Invader PA_0870, au dessus de chez Prune,2.364576,48.8717
710,Space Invader PA_0871, 29 rue de Terre Neuve,2.399089,48.854906
711,Space Invader PA_0872 & 1148, Le Point (pas si) EphÃƒÂ©mÃƒÂ¨re,2.368809,48.881777
712,Space Invader PA_0873, rue du Chat qui PÃƒÂ¨che,2.346164,48.85318
713,Space Invader PA_0874, 18 rue de la Huchette,2.34564,48.85304
714,Space Invader PA_0875, 2 rue des Peupliers,2.353816,48.825452
715,Space Invader PA_0877, 146 rue de Paris,2.424849,48.856137
716,Space Invader PA_0878, 17 rue Payenne,2.362751,48.858694
717,Space Invader PA_0879, 22 rue Saint-Sabin,2.371354,48.856036
718,Space Invader PA_0880, 4 rue de Beaune,2.329937,48.858934
719,Space Invader PA_0881, 20 rue du Bac,2.32827,48.85819
720,Space Invader PA_0882, 29 boulevard Jules Ferry,2.366984,48.868625
721,Space Invader PA_0883, 3 rue Curial,2.371311,48.889524
722,Space Invader PA_0884, 205 rue La Fayette,2.365937,48.88157
723,Space Invader PA_0885, 36 rue Brey,2.29472,48.877328
724,Space Invader PA_0886, 43 rue Saint-Bernard,2.380393,48.853537
725,Space Invader PA_0887, sur le bastion de Bercy,2.389592,48.828006
726,Space Invader PA_0888, 21 rue de la Roquette,2.372167,48.854688
727,Space Invader PA_0889, 34 rue Mathis,2.373707,48.89116
728,Space Invader PA_0890, 175bis rue Championnet,2.334337,48.894525
729,Space Invader PA_0891, 59 rue Legendre,2.317294,48.886024
730,Space Invader PA_0892, 7 avenue Myron Herrick,2.309874,48.873719
731,Space Invader PA_0893, 6 rue des Pyramides,2.332738,48.864492
732,Space Invader PA_0894, 11 rue Saint-Augustin,2.337102,48.868841
733,Space Invader PA_0895, place Auguste Baron,2.387233,48.900435
734,Space Invader PA_0896, 23 avenue du Docteur Lannelongue,2.3294,48.81901
735,Space Invader PA_0897, 1 boulevard Gabriel PÃƒÂ©ri,2.295427,48.819408
736,Space Invader PA_0900, place Pigalle,2.337751,48.882134
737,Space Invader PA_0901, 1 rue LÃƒÂ©on Delhomme,2.300103,48.838477
738,Space Invader PA_0902, 17 rue de Cambronne,2.301983,48.846342
739,Space Invader PA_0903, 15 rue Cardinet,2.301958,48.881567
740,Space Invader PA_0904, 23 rue d'Aligre,2.37878,48.849948
741,Space Invader PA_0906, 9 rue de la Goutte d'Or,2.354615,48.885039
742,Space Invader PA_0908, 10 citÃƒÂ© Beauharnais,2.38963,48.853621
743,Space Invader PA_0910, 72 avenue Jean JaurÃƒÂ¨s,2.391909,48.903461
744,Space Invader PA_0911, 7Z place Auguste Baron,2.38639,48.90018
745,Space Invader PA_0912, pont de Soissons,2.357463,48.915428
746,Space Invader PA_0913, 42 avenue Michelet,2.34409,48.910287
747,Space Invader PA_0914," 103,5 rue Baudin",2.292583,48.900339
748,Space Invader PA_0915, 69 rue Anatole France,2.285538,48.891474
749,Space Invader PA_0916, 14 rue Bayen,2.294866,48.87954
750,Space Invader PA_0917, 2 rue de Fourcroy,2.295,48.87987
751,Space Invader PA_0919, 12 rue FranÃƒÂ§aise,2.347732,48.864308
752,Space Invader PA_0920, 41 boulevard Edouard Branly,2.440717,48.875313
753,Space Invader PA_0921, pont de Bercy/quai de Bercy,2.375702,48.838591
754,Space Invader PA_0922, pont de Bercy/quai d'Austerlitz,2.374027,48.837552
755,Space Invader PA_0923, face au 36 rue Coriolis,2.390012,48.836981
756,Space Invader PA_0924, 56 quai de la RapÃƒÂ©e,2.37178,48.842509
757,Space Invader PA_0925, 17 boulevard Morland,2.362963,48.850165
758,Space Invader PA_0926, 149 rue Saint-Martin,2.3516,48.861722
759,Space Invader PA_0929, 1 rue du GÃƒÂ©nÃƒÂ©ral Leclerc,2.360387,48.815316
760,Space Invader PA_0930, 8 rue de TrÃƒÂ©vise,2.345165,48.873136
761,Space Invader PA_0931, 2 rue Ambroise Thomas,2.347349,48.874087
762,Space Invader PA_0932, ThÃƒÂ©ÃƒÂ¢tre de la Renaissance,2.356239,48.869025
763,Space Invader PA_0933, 11ter rue d'AlÃƒÂ©sia,2.336602,48.827162
764,Space Invader PA_0934, 76 rue de VouillÃƒÂ©,2.310077,48.833181
765,Space Invader PA_0935, 2 rue Cambronne,2.301551,48.847476
766,Space Invader PA_0936, boulevard de l'HÃƒÂ´pital sous le mÃƒÂ©tro,2.363471,48.841776
767,Space Invader PA_0937, face au 80 boulevard Auguste Blanqui,2.346681,48.830319
768,Space Invader PA_0938, face au 91 boulevard Auguste Blanqui,2.346628,48.830237
769,Space Invader PA_0939, mÃƒÂ©tro Denfert-Rochereau,2.33202,48.834147
770,Space Invader PA_0941, 103 rue Cambronne,2.303352,48.841811
771,Space Invader PA_0942, 2 passage Foubert,2.352675,48.825857
772,Space Invader PA_0943, entrÃƒÂ©e des Frigos,2.37904,48.831301
773,Space Invader PA_0944, 10 rue Faidherbe,2.384482,48.850812
774,Space Invader PA_0945, 81 rue de la Folie MÃƒÂ©ricourt,2.369865,48.866294
775,Space Invader PA_0946, 1 rue de Metz,2.35482,48.870725
776,Space Invader PA_0947, 105 rue du Faubourg Saint-Denis,2.355805,48.875181
777,Space Invader PA_0948, 33 rue du Faubourg Saint-Denis,2.35325,48.87101
778,Space Invader PA_0949, 1 rue Joseph Liouville,2.297832,48.844942
779,Space Invader PA_0950, mÃƒÂ©tro Dupleix,2.293254,48.850446
780,Space Invader PA_0951, face au 75 boulevard de Grenelle,2.294131,48.850322
781,Space Invader PA_0952, 4 rue du Chevalier de Saint-Georges,2.324819,48.868124
782,Space Invader PA_0953, 9 rue du PlÃƒÂ¢tre,2.354778,48.859264
783,Space Invader PA_0955, 12 rue BÃƒÂ©ranger,2.36391,48.86588
784,Space Invader PA_0956, 5 rue Papin,2.353345,48.866906
785,Space Invader PA_0957, 86 Quai de la RapÃƒÂ©e,2.368976,48.844588
786,Space Invader PA_0958, 255 rue de Charenton,2.392206,48.836181
787,Space Invader PA_0959, 1 rue du Forez,2.362772,48.863771
788,Space Invader PA_0960, 141 boulevard Philippe Auguste,2.389569,48.858285
789,Space Invader PA_0961, 2 rue Trousseau,2.37858,48.85078
790,Space Invader PA_0962, mÃƒÂ©tro Porte des Lilas,2.406605,48.876826
791,Space Invader PA_0963, 41 boulevard du Temple,2.364533,48.866341
792,Space Invader PA_0965, statue de Paris du pont du Carrousel,2.332779,48.858728
793,Space Invader PA_0966, pont de Bir-Hakeim,2.287752,48.855595
794,Space Invader PA_0967, 105 quai Branly,2.289107,48.854678
795,Space Invader PA_0968, nord du pont de Bir-Hakeim,2.28661,48.856601
796,Space Invader PA_0969, Statue de la LibertÃƒÂ©,2.27966,48.849996
797,Space Invader PA_0970, allÃƒÂ©e des Cygnes,2.28058,48.850592
798,Space Invader PA_0971, 1 rue du Saint-Gothard,2.334976,48.830178
799,Space Invader PA_0972, 22 rue Bernard Lecache,2.415351,48.846276
800,Space Invader PA_0973 PA_0974 & PA_0975, entrÃƒÂ©e du square Emile Chautemps,2.353292,48.8672
801,Space Invader PA_0976, 130 rue Montmartre,2.343669,48.868233
802,Space Invader PA_0977, passage Basfour,2.351805,48.86606
803,Space Invader PA_0978, 28 rue Montorgueil,2.346475,48.863739
804,Space Invader PA_0979, pont de Sully cÃƒÂ´tÃƒÂ© rive Droite,2.361237,48.850876
805,Space Invader PA_0980, sous le pont du boulevard de Bercy,2.383141,48.839793
806,Space Invader PA_0981, place du Colonel Bourgouin,2.383271,48.845118
807,Space Invader PA_0983, rue Mondoville,2.406642,48.865966
808,Space Invader PA_0984, 1 place Rhin et Danube,2.392771,48.882183
809,Space Invader PA_0985, 52 boulevard SÃƒÂ©rurier,2.399501,48.879782
810,Space Invader PA_0986, face ÃƒÂ  la rue du Tunnel,2.38444,48.87939
811,Space Invader PA_0987, 39 quai de la Loire,2.378722,48.8875
812,Space Invader PA_0988, mÃƒÂ©tro BarbÃƒÂ¨s-Rochechouart,2.350654,48.883751
813,Space Invader PA_0989, 2 rue de l'Ãƒâ€°vangile,2.361296,48.89142
814,Space Invader PA_0990, mÃƒÂ©tro La Chapelle,2.360347,48.884479
815,Space Invader PA_0991, 33 boulevard de la Villette,2.37435,48.87414
816,Space Invader PA_0993, entrÃƒÂ©e du pÃƒÂ©riphÃƒÂ©rique porte des Lilas,2.408995,48.876705
817,Space Invader PA_0994, 0 boulevard Duaumont,2.310692,48.896963
818,Space Invader PA_0995, place du Docteur FÃƒÂ©lix Lobligeois,2.31856,48.886437
819,Space Invader PA_0996, face au 89 avenue des Ternes,2.287779,48.879968
820,Space Invader PA_0997, 61 rue Quincampoix,2.350808,48.861738
821,Space Invader PA_0998, impasse des Peintres,2.350135,48.863976
822,Space Invader PA_0999, 136 rue de la Roquette,2.380989,48.857783
823,Space Invader PA_1000 & PA_1001, dans le hall de la GÃƒÂ©nÃƒÂ©rale,2.379518,48.859588
824,Space Invader PA_1002," bretelle d'autoroute A86/N406, face au Castorama de CrÃƒÂ©teil",2.4408,48.77895
825,Space Invader PA_1004, 66 rue de Courcelles,2.306245,48.877676
826,Space Invader PA_1005, 89 rue Oberkampf,2.375371,48.865237
827,Space Invader PA_1006, 9 rue BergÃƒÂ¨re,2.346739,48.872126
828,Space Invader PA_1007, 11 rue Drouot,2.340495,48.873453
829,Space Invader PA_1008, 75 rue de Richelieu,2.33839,48.868701
830,Space Invader PA_1009, 1 boulevard de MÃƒÂ©nilmontant,2.38921,48.85849
831,Space Invader PA_1010, 1 Rue Carducci,2.387829,48.87723
832,Space Invader PA_1011, 1 rue Martel,2.352622,48.873463
833,Space Invader PA_1012, 32 rue de Rochechouart,2.345251,48.878535
834,Space Invader PA_1014, 10 rue Paul Bert,2.384666,48.8516
835,Space Invader PA_1015, 29 rue de la Villette,2.387547,48.876297
836,Space Invader PA_1016, 34 rue de CrimÃƒÂ©e,2.390206,48.87905
837,Space Invader PA_1017, 86 rue de la Villette,2.388289,48.878821
838,Space Invader PA_1018, place Paul Eluard,2.360135,48.889951
839,Space Invader PA_1019, 23 rue des Vinaigriers,2.363303,48.8731
840,Space Invader PA_1020, 86 rue Championnet,2.343033,48.895858
841,Space Invader PA_1021, 1 impasse Robert,2.338842,48.895526
842,Space Invader PA_1022, 27 rue FrancÃ…â€œoeur,2.340473,48.890852
843,Space Invader PA_1024, 198 rue du Faubourg Saint-Antoine,2.384156,48.85006
844,Space Invader PA_1025, 5 place Saint-Augustin,2.319318,48.875058
845,Space Invader PA_1026, 52 Grande Rue Charles-de-Gaulle,2.521098,48.837786
846,Space Invader PA_1027, CitÃƒÂ© Aubry,2.395604,48.856768
847,Space Invader PA_1028, 9 rue des Maronites,2.383677,48.868194
848,Space Invader PA_1030, 41 rue des Bourdonnais,2.345563,48.86058
849,Space Invader PA_1031, face ÃƒÂ  un entrepÃƒÂ´t abandonnÃƒÂ©,2.38924,48.90066
850,Space Invader PA_1032, 51 rue de Turenne,2.364399,48.858224
851,Space Invader PA_1033, 1 boulevard des Filles du Calvaire,2.36695,48.861085
852,Space Invader PA_1034, 48 rue Saint-HonorÃƒÂ©,2.344233,48.86119
853,Space Invader PA_1035, 14 rue Jean-Baptiste Berlier,2.383472,48.825751
854,Space Invader PA_1036, 144 boulevard MassÃƒÂ©na,2.361984,48.819469
855,Space Invader PA_1037, 84 avenue d'Italie,2.357178,48.825982
856,Space Invader PA_1038, 5 rue Pajou,2.272968,48.856784
857,Space Invader PA_1039, 1 impasse Delaunay,2.386129,48.854947
858,Space Invader PA_1041, rond-point d'Espagne,2.375199,48.754462
859,Space Invader PA_1042, A86 cÃƒÂ´tÃƒÂ© cimetiÃƒÂ¨re nouveau de Vitry,2.403205,48.773999
860,Space Invader PA_1043, A86 cÃƒÂ´tÃƒÂ© cimetiÃƒÂ¨re communal de Choisy,2.403313,48.773718
861,Space Invader PA_1044, ÃƒÂ©changeur porte d'Italie,2.35889,48.816089
862,Space Invader PA_1045, 3 rue de la Chine,2.401248,48.864685
863,Space Invader PA_1046, 22 rue RÃƒÂ©aumur,2.358505,48.865017
864,Space Invader PA_1047, 88ter avenue Parmentier,2.374638,48.865495
865,Space Invader PA_1048, Autoroute du Soleil,2.34389,48.765394
866,Space Invader PA_1050, 191 rue du Faubourg PoissonniÃƒÂ¨re,2.349524,48.883048
867,Space Invader PA_1051, 22 rue Dauphine,2.339623,48.855152
868,Space Invader PA_1052, rue du Chevalier de la Barre,2.347243,48.887431
869,Space Invader PA_1053, 8 place des Abbesses,2.33884,48.884115
870,Space Invader PA_1054, 26 rue Chanzy,2.385094,48.85264
871,Space Invader PA_1055, bretelle de sortie de l'autoroute de l'Est,2.466303,48.82677
872,Space Invader PA_1058, 24 rue des Petits Champs,2.336551,48.86687
873,Space Invader PA_1059, 54 rue de Seine,2.336917,48.853931
874,Space Invader PA_1060, villa de Guelma,2.336903,48.882709
875,Space Invader PA_1061, 29 rue ramey,2.34657,48.888662
876,Space Invader PA_1063, 28 rue des Archives,2.355071,48.858213
877,Space Invader PA_1064, 16 rue Froissart,2.365288,48.861797
878,Space Invader PA_1065, 59 rue au Maire (Simpson),2.354527,48.864989
879,Space Invader PA_1066, McDo de la porte de Bagnolet,2.408417,48.864658
880,Space Invader PA_1067, 1 rue de la FidÃƒÂ©litÃƒÂ©,2.356845,48.874683
881,Space Invader PA_1068, 39 rue de Bretagne,2.362363,48.862872
882,Space Invader PA_1069, 121 rue des Amandiers,2.388062,48.868221
883,Space Invader PA_1070, pavillon Saint-Louis,2.398585,48.848529
884,Space Invader PA_1071, 58 rue d'Anjou,2.322444,48.873677
885,Space Invader PA_1072, 32 rue Pasquier,2.323701,48.873321
886,Space Invader PA_1073, 41 rue de PenthiÃƒÂ¨vre,2.313515,48.872287
887,Space Invader PA_1074, 22 rue du Cirque,2.315733,48.871275
888,Space Invader PA_1075, 158 boulevard Saint-Germain,2.33609,48.85321
889,Space Invader PA_1076, MarchÃƒÂ© Saint-Germain,2.336608,48.851785
890,Space Invader PA_1077, 65 rue des Abbesses,2.334902,48.885708
891,Space Invader PA_1080, Espace Pierre Cardin,2.319147,48.867372
892,Space Invader PA_1082, place d'Aligre,2.378264,48.848875
893,Space Invader PA_1084, 36 rue du Faubourg Saint-Martin,2.356426,48.870268
894,Space Invader PA_1085, ancien Couvent des RÃƒÂ©collets,2.360599,48.875807
895,Space Invader PA_1086, 2 rue des Anglais,2.347996,48.851037
896,Space Invader PA_1087, 1 rue de la Huchette,2.346484,48.852782
897,Space Invader PA_1088, 77 rue Buffon,2.356097,48.841155
898,Space Invader PA_1089, 79 rue de la BoÃƒÂ©tie,2.308972,48.872053
899,Space Invader PA_1090, mÃƒÂ©tro Stalingrad,2.365263,48.884271
900,Space Invader PA_1091, fontaine du Conservatoire Municipal du 19e,2.371915,48.882881
901,Space Invader PA_1092, 18-20 rue Pradier,2.382055,48.875669
902,Space Invader PA_1093, CitÃƒÂ© de la Mode et du Design,2.369772,48.840818
903,Space Invader PA_1094, 132 rue Vieille du Temple,2.364411,48.861817
904,Space Invader PA_1095, 18ter rue Jaucourt,2.395058,48.847363
905,Space Invader PA_1096, 18 rue des Lilas ou presque,2.43046,48.869639
906,Space Invader PA_1097, 20 rue du Louvre,2.34125,48.861527
907,Space Invader PA_1098, 1 citÃƒÂ© Voltaire,2.389316,48.852527
908,Space Invader PA_1100, ÃƒÂ  gauche de la Fontaine MoliÃƒÂ¨re,2.336659,48.865444
909,Space Invader PA_1101, 7 avenue Matignon,2.311583,48.869977
910,Space Invader PA_1102, place de Thorigny,2.362321,48.858905
911,Space Invader PA_1103, 3 passage du Moulin des PrÃƒÂ©s,2.353403,48.829159
912,Space Invader PA_1104, 68 rue Jenner,2.364409,48.834243
913,Space Invader PA_1105, 16 boulevard de la Chapelle,2.363443,48.884592
914,Space Invader PA_1106, 1 rue Ferdinand Flocon,2.345418,48.890901
915,Space Invader PA_1107, place Saint-AndrÃƒÂ© des Arts,2.342696,48.853257
916,Space Invader PA_1108, 98 rue de Tolbiac,2.363756,48.826848
917,Space Invader PA_1109, 51 avenue d'Ivry,2.365508,48.82331
918,Space Invader PA_1110, direction de la Voirie et des DÃƒÂ©placements,2.413853,48.845788
919,Space Invader PA_1111, 80 avenue Charles de Gaulle,2.271323,48.881673
920,Space Invader PA_1112, place de l'Iris,2.250182,48.889849
921,Space Invader PA_1113, 6 place de Stalingrad,2.239863,48.882934
922,Space Invader PA_1114, impasse de la DÃƒÂ©fense,2.326865,48.885113
923,Space Invader PA_1115, 208 rue de la Roquette,2.388525,48.8597
924,Space Invader PA_1116, 74 rue d'Avron,2.40426,48.852293
925,Space Invader PA_1117, Terminal 2D Porte 6,2.567216,49.00441
926,Space Invader PA_1118, boulevard Gabriel PÃƒÂ©ri sous le pÃƒÂ©riph',2.477093,48.877504
927,Space Invader PA_1119, 29 avenue de la RÃƒÂ©publique,2.415945,48.862546
928,Space Invader PA_1120, 84 rue de Picpus,2.398884,48.84101
929,Space Invader PA_1121, 52 cours de Vincennes,2.40358,48.847343
930,Space Invader PA_1122, avenue Corentin Cariou,2.384498,48.89626
931,Space Invader PA_1123, 1 rue Santos-Dumont,2.305686,48.834196
932,Space Invader PA_1124, 11 rue Chauchat,2.339479,48.873141
933,Space Invader PA_1125, 88 rue de Provence,2.330577,48.874285
934,Space Invader PA_1126, 27 place de la Madeleine,2.324306,48.871175
935,Space Invader PA_1127, 10 rue du Roi DorÃƒÂ©,2.363758,48.860227
936,Space Invader PA_1128, 112 rue des PyrÃƒÂ©nÃƒÂ©es,2.40473,48.85681
937,Space Invader PA_1129, 19 rue Parrot,2.375001,48.847182
938,Space Invader PA_1130, face au 194 rue de Bercy,2.372361,48.84454
939,Space Invader PA_1131, est de la Fontaine au Lions,2.395918,48.839617
940,Space Invader PA_1132, 26 rue Coriolis,2.390802,48.836388
941,Space Invader PA_1133, 19 rue Montera,2.40917,48.84537
942,Space Invader PA_1134, 74 rue de Tolbiac,2.366977,48.827182
943,Space Invader PA_1135, 36 rue Tillier,2.38951,48.849242
944,Space Invader PA_1136, 18 rue Coriolis,2.391304,48.835882
945,Space Invader PA_1137, pont Delizy,2.40982,48.895025
946,Space Invader PA_1138, 112 avenue du GÃƒÂ©nÃƒÂ©ral Leclerc,2.406627,48.898349
947,Space Invader PA_1139, 93 rue de Belleville,2.385394,48.874031
948,Space Invader PA_1140, 10 rue Villedo,2.335957,48.866469
949,Space Invader PA_1141, Agence Spatiale EuropÃƒÂ©enne,2.304209,48.848419
950,Space Invader PA_1142, 8 rue de la Plaine,2.400222,48.849797
951,Space Invader PA_1143, place du GÃƒÂ©nÃƒÂ©ral Patton,2.286832,48.875841
952,Space Invader PA_1144, 18 rue Piccini,2.284192,48.874751
953,Space Invader PA_1145, 1 rue de la Croix Jarry,2.382021,48.826858
954,Space Invader PA_1146, 154 rue du Chemin Vert,2.387093,48.86275
955,Space Invader PA_1147, pont de la Grange aux Belles,2.363929,48.873024
956,Space Invader PA_1149, 42 boulevard de Charonne,2.398819,48.851057
957,Space Invader PA_1150, quai Saint-Bernard,2.364385,48.844928
958,Space Invader PA_1151, mÃƒÂ©tro Tuileries,2.33027,48.86423
959,Space Invader PA_1152, village Saint-Paul,2.36127,48.853332
960,Space Invader PA_1153, 87 rue Saint-Antoine,2.3626,48.854585
961,Space Invader PA_1154, 0 rue LÃƒÂ©on Jouhaux,2.363243,48.868562
962,Space Invader PA_1155, pont piÃƒÂ©ton de la rue Lucien Lambeau,2.414452,48.857685
963,Space Invader PA_1156, 12 rue Vieille du Temple,2.356857,48.856563
964,Space Invader PA_1157, 81 rue de Beaubourg,2.354822,48.86391
965,Space Invader PA_1158, 33 boulevard de Charonne,2.398184,48.851158
966,Space Invader PA_1159, 6 place des Ternes,2.298683,48.87847
967,Space Invader PA_1160, 165 rue du Faubourg Saint-HonorÃƒÂ©,2.305867,48.874707
968,Space Invader PA_1161, 42 rue des Francs-Bourgeois,2.359031,48.858606
969,Space Invader PA_1162, 14 rue des PrÃƒÂ©cheurs,2.34868,48.862045
970,Space Invader PA_1163, 8 place Jacques Bonsergent,2.36107,48.871181
971,Space Invader PA_1164, 130 avenue de Wagram,2.303648,48.885151
972,Space Invader PA_1165, 48 rue du Caire,2.348778,48.868077
973,Space Invader PA_1166, 1 quai de Bourbon,2.35698,48.852446
974,Space Invader PA_1167, 84 rue Bonaparte,2.332597,48.849736
975,Space Invader PA_1168, 1 rue Verniquet,2.300392,48.886756
976,Space Invader PA_1169, 6 avenue de la Porte de la Chapelle,2.359518,48.89895
977,Space Invader PA_1170, 45 rue des Gravilliers,2.355424,48.864156
978,Space Invader PA_1171, 68 rue de la Montagne Sainte-GeneviÃƒÂ¨ve,2.347805,48.846868
979,Space Invader PA_1172, 93 rue de la Verrerie,2.350647,48.858828
980,Space Invader PA_1173, terrasse du Wanderlust,2.371144,48.840096
981,Space Invader PA_1174, 14 rue des Fonds-Verts,2.391172,48.83699
982,Space Invader PA_1175, 2 rue Rodier,2.342371,48.877413
983,Space Invader PA_1176, 5 rue Rodier,2.342256,48.877403
984,Space Invader PA_1177, Agence France Presse,2.340272,48.868795
985,Space Invader PA_1178, 82 boulevard MassÃƒÂ©na,2.368532,48.82156
986,Space Invader PA_1179, 213 boulevard Vincent Auriol,2.356652,48.830787
987,Space Invader PA_1180, 47 avenue des Gobelins,2.353336,48.835102
988,Space Invader PA_1181, 58 rue Caumartin,2.328576,48.874815
989,Space Invader PA_1182, 22 rue Guersant,2.290073,48.880838
990,Space Invader PA_1183, 9 rue Marsoulan,2.402938,48.845604
991,Space Invader PA_1184, croisement E50/A6B,2.340419,48.762395
992,Space Invader PA_1185, 59 rue de Charonne,2.379467,48.853446
993,Space Invader PA_1186, 32 impasse de la Confiance,2.399535,48.853717
994,Space Invader PA_1187, 89 rue AndrÃƒÂ© Joineau,2.402702,48.882103
995,Space Invader PA_1188, 81 rue d'Assas,2.334858,48.842502
996,Space Invader PA_1189, 43 rue LacÃƒÂ©pÃƒÂ¨de,2.350387,48.844147
997,Space Invader PA_1190, 2 rue Princesse Leia,2.334419,48.852589
998,Space Invader PA_1191," 1192, 1193, 1194 & 1195, le long de la D126B",2.355387,48.814755
999,Space Invader PA_1196, 2 impasse Mathieu,2.313336,48.8411
1000,Space Invader PA_1197, 6 rue de l'ArrivÃƒÂ©e,2.322431,48.843878
1001,Space Invader PA_1198, 145 boulevard Raspail,2.329685,48.842276
1002,Space Invader PA_1199, Poterne des Peupliers,2.352432,48.821567
1003,Space Invader PA_1200, 35 rue de la BÃƒÂ»cherie,2.347302,48.852528
1004,Space Invader PA_1201, 14 rue Ternaux,2.37326,48.86438
1005,Space Invader PA_1202, 129 avenue de Wagram,2.301697,48.883249
1006,Space Invader PA_1203, 64 rue Monsieur le Prince,2.340895,48.847823
1007,Space Invader PA_1204, 61 rue d'Avron,2.403237,48.852275
1008,Space Invader PA_1205, bÃƒÂ¢timent Marguerite Bottard,2.368736,48.835457
1009,Space Invader PA_1206, 22 avenue de la RÃƒÂ©publique,2.368824,48.866206
1010,Space Invader PA_1207, 31 rue Lucien Sampaix,2.361351,48.873118
1011,Space Invader PA_1208, 35 rue Castagnary,2.30942,48.833951
1012,Space Invader PA_1209, 99 boulevard Saint-Germain,2.338901,48.85219
1013,Space Invader PA_1210, 3 rue Saint-Augustin,2.337762,48.86885
1014,Space Invader PA_1211, 1 passage MondÃƒÂ©sir,2.385035,48.865411
1015,Space Invader PA_1212, 16 place Jacques Bonsergent,2.36078,48.87139
1016,Space Invader PA_1213, 4 rue Berger,2.34856,48.86088
1017,Space Invader PA_1214, 42 rue Leroy DuprÃƒÂ©,2.401823,48.842979
1018,Space Invader PA_1215, 3 rue Danielle Casanova,2.33329,48.86757
1019,Space Invader PA_1216, 1 rue Duret,2.285079,48.873466
1020,Space Invader PA_1217, pont de la Concorde,2.320227,48.863861
1021,Space Invader PA_1218, 2 rue Mathys,2.37648,48.89067
1022,Space Invader PA_1219, 261 rue de Belleville,2.39896,48.87559
1023,Space Invader PA_1220, 7 rue d'Enghien,2.352584,48.871694
1024,Space Invader PA_1221, place Benjamin Fondane,2.351911,48.84453
1025,Space Invader PA_1222, 90 avenue de la RÃƒÂ©publique,2.380904,48.863935
1026,Space Invader PA_1223, 1 place de Passy,2.27793,48.85785
1027,Space Invader PA_1224, 57 avenue du docteur Netter,2.405649,48.844904
1028,Space Invader PA_1225 & 1226, 100 cours de Vincennes,2.40845,48.84691
1029,Space Invader PA_1227, 129 coulÃƒÂ©e verte RenÃƒÂ©-Dumont,2.381721,48.844418
1030,Space Invader PA_1228, 22 rue Watteau,2.357361,48.834496
1031,Space Invader PA_1229, 62 rue Lamartine,2.339576,48.876716
1032,Space Invader PA_1230, 7 rue Lafayette,2.334758,48.873571
1033,Space Invader PA_1231 & 1237, 200 avenue Jean JaurÃƒÂ¨s,2.392077,48.888359
1034,Space Invader PA_1232, 102 rue du Mont Cenis,2.34591,48.8953
1035,Space Invader PA_1233, 2 rue des Poissonniers,2.34984,48.88558
1036,Space Invader PA_1234, ObÃƒÂ©lisque de Villeneuve-le-Comte,2.86916,48.79161
1037,Space Invader PA_1235 & 1236, 72 rue Claude Bernard,2.346044,48.840436
1038,Space Invader PA_1238, CimetiÃƒÂ¨re de la Courneuve,2.40488,48.936142
1039,Space Invader PA_1239, 54 avenue Paul Vaillant Couturier,2.411101,48.920939
1040,Space Invader PA_1240, 114 boulevard Vincent Auriol,2.36299,48.83349
1041,Space Invader PA_1241, 1 quai de la Tournelle,2.355828,48.849604
1042,Space Invader PA_1242, 26 rue de la Plaine,2.402556,48.84986
1043,Space Invader PA_1243, 15 boulevard de MÃƒÂ©nilmontant,2.388855,48.859383
1044,Space Invader PA_1244, 4 rue Oberkampf,2.36748,48.86267
1045,Space Invader PA_1245, pont de la Tournelle,2.35524,48.85012
1046,Space Invader PA_1246, 12 pont Saint-Louis,2.352059,48.85283
1047,Space Invader PA_1247, HÃƒÂ´pital Robert DebrÃƒÂ©,2.402437,48.881194
1048,Space Invader PA_1248, 101 boulevard Richard Lenoir,2.37048,48.86411
1049,Space Invader PA_1249, 24 rue de la Verrerie,2.354399,48.857501
1050,Space Invader PA_1250, 176 rue de Bagnolet,2.408127,48.864018
1051,Space Invader PA_1251, 8 place Tristan Bernard,2.29163,48.879424
1052,Space Invader PA_1252, 110 rue Lauriston,2.286101,48.866053
1053,Space Invader PA_1253, 1 rue du Boccador,2.303735,48.8659
1054,Space Invader PA_1254, 23 rue Marbeuf,2.303745,48.868783
1055,Space Invader PA_1255, 5 place des Petits PÃƒÂ¨res,2.34065,48.86657
1056,Space Invader PA_1256, 29 rue des Petits HÃƒÂ´tels,2.352,48.87759
1057,Space Invader PA_1257, 1 avenue du PrÃƒÂ©sident Wilson,2.300775,48.864625
1058,Space Invader PA_1258, 13 rue de la Roquette,2.37107,48.85416
1059,Space Invader PA_1259, 39 boulevard Albert 1er,2.493139,48.832738
1060,Space Invader PA_1260, 8 rue de l'Amiral de Coligny,2.34097,48.860761
1061,Space Invader PA_1261, 73 boulevard de Bercy,2.388899,48.838297
1062,Space Invader PA_1262, 7 rue du Bouloi,2.340478,48.863506
1063,Space Invader PA_1263, Pont Neuf,2.34213,48.85844
1064,Space Invader PA_1264, MusÃƒÂ©e en Herbes,2.342157,48.860166
1065,Space Invader PA_1265, Centre Georges Pompidou,2.352155,48.860307
1066,Space Invader PA_1266, 41 rue Volta,2.358042,48.866668
1067,Space Invader PA_1267, 2 avenue de Bouvines,2.395922,48.849561
1068,Space Invader PA_1268, Pont-Neuf,2.34264,48.858338
1069,Space Invader PA_1269, 28 rue Sainte-Anne,2.335576,48.866262
1070,Space Invader PA_1270, passerelle du Bassin de la Villette,2.37473,48.88649
1071,Space Invader PA_1271, Square de la Fontaine,2.483849,48.836064
1072,Space Invader PA_1272, 1 rue VouillÃƒÂ©,2.302815,48.835508
1073,Space Invader PA_1273, 39 rue LinnÃƒÂ©,2.35441,48.84598
1074,Space Invader PA_1274, 10 square Desnouettes,2.284039,48.834859
1075,Space Invader PA_1275, 12 place d'Anvers,2.3439,48.88263
1076,Space Invader PA_1276, 21 place du Tertre,2.34062,48.8867
1077,Space Invader PA_1277, 52 rue Jean-Pierre Timbaud,2.3729,48.86645
1078,Space Invader PA_1278, 80 rue de Provence,2.331238,48.874302
1079,Space Invader PA_1279, 86 Boulevard Lefebvre,2.29954,48.82879
1080,Space Invader PA_1280, 14 rue de LÃƒÂ©vis,2.31565,48.882183
1081,Space Invader PA_1281, 2 rue des Fontaines du Temple,2.36028,48.86545
1082,Space Invader PA_1282, 106 avenue Auber,2.42366,48.84608
1083,Space Invader PA_1283, 3 rue des DÃƒÂ©chargeurs,2.34593,48.85967
1084,Space Invader PA_1284, pont ferroviaire,2.304917,48.894141
1085,Space Invader PA_1285, porte de Bagnolet,2.413119,48.863176
1086,Space Invader PA_1286, face au 72 rue de Rosny,2.44873,48.86314
1087,Space Invader PA_1287, 18 rue du Ravin,2.423283,48.861909
1088,Space Invader PA_1288, 5 quai de Loire,2.371245,48.883774
1089,Space Invader PA_1289 & PA_1290, place de l'Alma,2.30079,48.864463
1090,Space Invader PA_1291, 48 rue du Capitaine Dreyfus,2.439633,48.859116
1091,Space Invader PA_1292, 13 rue Darwin,2.339008,48.890172
1092,Space Invader PA_1293, 2 rue Titien,2.358502,48.835936
1093,Space Invader PA_1294, 34 rue de PenthiÃƒÂ¨vre,2.31379,48.87243
1094,Space Invader PA_1295, 4 place Edmond Michelet,2.35008,48.86002
1095,Space Invader PA_1296, 1 rue Albert Sorel,2.32248,48.82371
1096,Space Invader PA_1297, 89 rue de Reuilly,2.39012,48.84447
1097,Space Invader PA_1298, 1 avenue AndrÃƒÂ© Morizet,2.243025,48.833676
1098,Space Invader PA_1299, 42 rue Dauphine,2.338847,48.854211
1099,Space Invader PA_1300, Maison Internationale de sÃƒÂ©jour pour jeunes actifs,2.375991,48.820773
1100,Space Invader PA_1301, 11 rue FranÃƒÂ§ois de NeufchÃƒÂ¢teau,2.38256,48.85615
1101,Space Invader PA_1302, 1 rue Cail,2.36154,48.88261
1102,Space Invader PA_1303, 3 rue Saint-Claude,2.36654,48.86007
1103,Space Invader PA_1304 & 1305, 17 rue Monge,2.35083,48.84787
1104,Space Invader PA_1306, 46 avenue Pierre Brossolette,2.310661,48.819987
1105,Space Invader PA_1307, parc de Bercy,2.37973,48.83654
1106,Space Invader PA_1308, 103 avenue Edouard Vaillant,2.24405,48.83359
1107,Space Invader PA_1309, pont Mirabeau,2.27452,48.846992
1108,Space Invader PA_1310, 14 rue PenthiÃƒÂ¨vre,2.316054,48.872937
1109,Space Invader PA_1311, 15 rue Jean Nicot,2.307714,48.860064
1110,Space Invader PA_1312, 22 rue de la ComÃƒÂ¨te,2.30925,48.85809
1111,Space Invader PA_1313, 22 rue Duc,2.341678,48.89254
1112,Space Invader PA_1314, 139 rue Mouffetard,2.349835,48.839807
1113,Space Invader PA_1315, 142 avenue du GÃƒÂ©nÃƒÂ©ral Leclerc,2.325342,48.823465
1114,Space Invader PA_1316, 74 rue Baudricourt,2.362316,48.824791
1115,Space Invader PA_1317, 17 rue GÃƒÂ®t le CÃ…â€œur,2.342471,48.853478
1116,Space Invader PA_1318, 11 rue des Petites Ãƒâ€°curies,2.353176,48.873174
1117,Space Invader PA_1319, 1 rue de l'agent Bailly,2.342657,48.878305
1118,Space Invader PA_1320, 12 rue de la Tour d'Auvergne,2.344649,48.87896
1119,Space Invader PA_1321, 87 rue du Faubourg Montmartre,2.348639,48.876741
1120,Space Invader PA_1322, 53 rue du Faubourg Montmartre,2.340823,48.875211
1121,Space Invader PA_1323, square Sarah Bernhart,2.403919,48.84958
1122,Space Invader PA_1324, 4 rue Paradis,2.35493,48.87452
1123,Space Invader PA_1325, 56 rue de Paradis,2.34906,48.87571
1124,Space Invader PA_1326, 85 rue la Fayette,2.34802,48.87706
1125,Space Invader PA_1327, 84 rue de Hauteville,2.35138,48.876683
1126,Space Invader PA_1328, 27bis rue de Paradis,2.351786,48.875096
1127,Space Invader PA_1329, 2 rue Bleue,2.34773,48.87586
1128,Space Invader PA_1330, 20 rue Pirandello,2.354942,48.836249
1129,Space Invader PA_1331, 11 rue Henri Michaux,2.354507,48.826936
1130,Space Invader PA_1332, 46 rue des FossÃƒÂ©s Saint-Bernard,2.353049,48.847532
1131,Space Invader PA_1333, 10 rue de la Paix,2.331137,48.868992
1132,Space Invader PA_1334, 25 place VendÃƒÂ´me,2.33012,48.868334
1133,Space Invader PA_1336, 24 rue de Montreuil,2.38552,48.8504
1134,Space Invader PA_1337, 93 rue de Seine,2.337119,48.852094
1135,Space Invader PA_1338, 62 rue Mouffetard,2.34947,48.84316
1136,Space Invader PA_1339, 1 rue des Vignerons,2.431637,48.84513
1137,Space Invader PA_1340, 1 rue de Rochechouart,2.3443,48.87657
1138,Space Invader PA_1341, 40 avenue Aubert,2.431089,48.847605
1139,Space Invader PA_1342," place Joffre, allÃƒÂ©e Adrienne Lecouvreur",2.30379,48.85396
1140,Space Invader PA_1343, 72 boulevard de la Tour Maubourg,2.309643,48.856405
1141,Space Invader PA_1344, 26 rue Chanoinesse,2.35011,48.85428
1142,Space Invader PA_1345, 16 rue Jean-Baptiste Marty,2.416826,48.82107
1143,Space Invader PA_1346, pilier est du pont de l'Arsenal,2.367468,48.849121
1144,Space Invader PA_1347, 6 rue Notre-Dame-de-Nazareth,2.36199,48.86697
1145,Space Invader PA_1348, 39 rue du MarÃƒÂ©chal Leclerc,2.424209,48.818205
1146,Space Invader PA_1349, 51 rue de la Tombe Issoire,2.33425,48.83023
1147,Space Invader PA_1350, 133 rue de SÃƒÂ¨vres,2.317914,48.847199
1148,Space Invader PA_1351, 63 rue du Montparnasse,2.325479,48.841848
1149,Space Invader PA_1352, 117 avenue de Choisy,2.360137,48.825731
1150,Space Invader PA_1353, 9 rue Philippe de Champagne,2.355016,48.832787
1151,Space Invader PA_1354, 18 rue de l'Aqueduc,2.360431,48.88067
1152,Space Invader PA_1355, 85bis boulevard Magenta,2.354811,48.877247
1153,Space Invader PA_1356, 168 boulevard Diderot,2.392827,48.847904
1154,Space Invader PA_1357, 2 rue de Saint-Petersbourg,2.32403,48.87968
1155,Space Invader PA_1358, 3 rue Royer-Collard,2.342319,48.845624
1156,Space Invader PA_1359, place de la Sorbonne,2.342013,48.848891
1157,Space Invader PA_1360, 2 rue des FossÃƒÂ©s Saint-Jacques,2.343019,48.846042
1158,Space Invader PA_1361, 3 allÃƒÂ©e Verte,2.370537,48.859462
1159,Space Invader PA_1362, 2 rue des Boulets,2.391903,48.849187
1160,Space Invader PA_1363, 70 quai de la Loire,2.377463,48.886605
1161,Space Invader PA_1364, 2 rue Paul Bert,2.419351,48.855164
1162,Space Invader PA_1365, 14 quai de BÃƒÂ©thune,2.358674,48.850272
1163,Space Invader PA_1366, 90 avenue Ledru-Rollin,2.37634,48.85137
1164,Space Invader PA_1367, 160 boulevard Berthier,2.29596,48.886719
1165,Space Invader PA_1368, place FranÃƒÂ§ois Mitterrand,2.443442,48.865088
1166,Space Invader PA_1369, 52 avenue du PrÃƒÂ©sident Wilson,2.359106,48.904005
1167,Space Invader PA_1370, 1 rue Larrey,2.353741,48.84147
1168,Space Invader PA_1371, 107 rue de la GlaciÃƒÂ¨re,2.342522,48.827832
1169,Space Invader PA_1372, 64 rue Championnet,2.346609,48.895855
1170,Space Invader PA_1373, 20 rue Marie Stuart,2.347384,48.865095
1171,Space Invader PA_1374, 3 rue Clotilde de Vaux,2.368618,48.85767
1172,Space Invader PA_1375, 42 boulevard de MÃƒÂ©nilmontant,2.387689,48.863173
1173,Space Invader PA_1376, 1 rue du capitaine Roland Deplanque,2.42844,48.80272
1174,Space Invader PA_1377, 121 avenue de Saint-Ouen,2.328048,48.8955
1175,Space Invader PA_1378, rue des Caves du Roi,2.207041,48.825606
1176,Space Invader PA_1379, 5 avenue de l'Europe,2.211876,48.82426
1177,Space Invader PA_1380, 19 rue de la Harpe,2.344784,48.852444
1178,Space Invader PA_1381, passerelle rue de l'Ãƒâ€°pine,2.425093,48.863603
1179,Space Invader PA_1382, 160 rue des Rosiers,2.34393,48.90133
1180,Space Invader PA_1383, 2 boulevard de l'HÃƒÂ´pital,2.36379,48.84314
1181,Space Invader PA_1384, 25 rue Daubenton,2.352861,48.841148
1182,Space Invader PA_1385, 4 rue BoissiÃƒÂ¨re,2.293006,48.865518
1183,Space Invader PA_1386, 3 rue Henri Mayer,2.275555,48.827843
1184,Space Invader PA_1387, 52 avenue Pierre Brossolette,2.310909,48.820094
1185,Space Invader PA_1388, face ÃƒÂ  la gare de Meudon - Val-Fleury,2.241036,48.80819
1186,Space Invader PA_1389, ÃƒÂ  l'est du viaduc rue de Paris,2.246601,48.813576
1187,Space Invader PA_1390, 5 rue Rouget de Lisle,2.262607,48.829516
1188,Space Invader PA_1391, 31 rue Descartes,2.389114,48.813413
1189,Space Invader PA_1392, 8 rue d'Hauteville,2.34982,48.871013
1190,Space Invader PA_1393, 13 rue Marat,2.384178,48.81102
1191,Space Invader PA_1394, 27 rue des Moines,2.319612,48.889173
1192,Space Invader PA_1395, 44 rue Montorgueil,2.346783,48.864532
1193,Space Invader PA_1396, 96 boulevard Berthier,2.303452,48.890105
1194,Space Invader PA_1397, 2 rue d'Aguesseau,2.319257,48.869855
1195,Space Invader PA_1398, 157 rue Cardinet,2.317949,48.891203
1196,Space Invader PA_1399, 24 rue Vauvenargues,2.33337,48.89351
1197,Space Invader PA_1400, sur l'atelier de maintenance de la ligne 7,2.364213,48.816723
1198,Space Invader PA_1401, face ÃƒÂ  l'immeuble Belledonne,2.48951,48.852234
1199,Space Invader PA_1402, 52 rue des BruyÃƒÂ¨res,2.414624,48.876339
1200,Space Invader PA_1403, 50 avenue Pierre Grenier,2.25343,48.832218
1201,Space Invader PA_1404, 14 boulevard Diderot,2.370876,48.845257
1202,Space Invader PA_1405, autoroute de l'Est/N486,2.492884,48.830569
1203,Space Invader PA_1406, 11 rue TarbÃƒÂ©,2.313772,48.886993
1204,Space Invader PA_1407, 75 rue Saint-Jacques,2.345072,48.849721
1205,Space Invader PA_1408, derriÃƒÂ¨re le square Charles-Hermite,2.367302,48.900471
1206,Space Invader PA_1409, 63 rue Gabriel PÃƒÂ©ri,2.3502,48.81045
1207,Space Invader PA_1410, 82 rue Nollet,2.320344,48.887532
1208,Space Invader PA_1411, 98 avenue Paul Doumer,2.2757,48.85871
1209,Space Invader PA_1412, 34 boulevard Pereire,2.307107,48.88794
1210,Space Invader PA_1413, 13 rue de LÃƒÂ¼beck,2.293588,48.866212
1211,Space Invader PA_1414, 16 avenue de Vincennes,2.436589,48.844979
1212,Space Invader PA_1415, 83 rue Victor Hugo,2.383889,48.81849
1213,Space Invader PA_1416, place de la RÃƒÂ©sistance,2.250127,48.821266
1214,Space Invader PA_1417, escalier derriÃƒÂ¨re la galerie d'anatomie,2.362192,48.842906
1215,Space Invader PA_1418, 18 avenue de Lowendal,2.303341,48.849389
1216,Space Invader PA_1419, 1 rue du ChÃƒÂ¢teau d'Eau,2.362326,48.868935
1217,Space Invader PA_1420, 28 rue de Chaligny,2.383652,48.847205
1218,Space Invader PA_1421, 49 du Volga,2.407411,48.852627
1219,Space Invader PA_1422, Pondorly,2.348017,48.757865
1220,Space Invader PA_1423, 33 rue PoissonniÃƒÂ¨re,2.347786,48.870216
1221,Space Invader PA_1424, 1 rue PelÃƒÂ©e,2.369238,48.859587
1222,Space Invader PA_1425, 9 rue Sedaine,2.371851,48.855821
1223,Space Invader PA_1426 & PA_1427, pavillon ouest de la porte de Neuilly,2.258447,48.880106
1224,Space Invader PA_1428, Gare de l'Avenue Foch,2.275511,48.870968
1225,Space Invader PA_1429, 1 rue de la Porte d'Issy,2.280645,48.832224
1226,Space Invader PA_1430, 130 boulevard Berthier,2.299683,48.888272
1227,Space Invader PA_1431, dernier ÃƒÂ©tage de la Tour Eiffel,2.294608,48.858271
1228,Space Invader PA_1432, place Igor Stravinsky,2.35116,48.85953
1229,Space Invader PA_1433, 36 rue Daubenton,2.352405,48.841104
1230,Space Invader PA_1434, 39 rue Edouard Vaillant,2.432581,48.855267
1231,Space Invader VRS_001, 2 rue du Baillage,2.130904,48.807637
1232,Space Invader VRS_002, rue des 2 Portes,2.130867,48.806304
1233,Space Invader VRS_003, 1 rue des Deux Portes,2.130321,48.805509
1234,Space Invader VRS_004, carrÃƒÂ© ÃƒÂ  la MarÃƒÂ©e,2.13219,48.8071
1235,Space Invader VRS_005, 10 rue de Fontenay,2.1253,48.801279
1236,Space Invader VRS_006, 2 avenue de Paris,2.129281,48.801969
1237,Space Invader VRS_007, 2 rue Saint-Lazare,2.129415,48.808584
1238,Space Invader VRS_008, 40 rue du Vieux Versailles,2.124758,48.800284
1239,Space Invader VRS_009, 12 avenue du GÃƒÂ©nÃƒÂ©ral de Gaulle,2.128459,48.800617
1240,Space Invader VRS_010, 48 boulevard de Jardy,2.152928,48.832282
1241,Space Invader VRS_011, 65 avenue de Saint-Cloud,2.13536,48.80561
1242,Space Invader VRS_012, 1 place Hoche,2.12728,48.8063
1243,Space Invader VRS_013, pavillon de l'Octroi,2.153225,48.798473
1244,Space Invader VRS_014, 25 rue de Noailles,2.13499,48.7981
1245,Space Invader VRS_015, 15 rue du Peintre Lebrun,2.12477,48.80652
1246,Space Invader VRS_016, 40 rue de l'Orangerie,2.12429,48.7996
1247,Space Invader VRS_017, 27 rue des RÃƒÂ©servoirs,2.12515,48.8094
1248,Space Invader VRS_018, 17 rue Colbert,2.127111,48.805025
1249,Space Invader VRS_019, 0 rue d'Anjou,2.123183,48.79795
1250,Space Invader VRS_020, allÃƒÂ©e du Potager,2.119912,48.800811
1251,Space Invader VRS_021, 0 rue de Limoges,2.132251,48.800292
1252,Space Invader VRS_022, 16 rue Sainte-Anne,2.1258,48.80536
1253,Space Invader VRS_023, jardins de l'Orangerie,2.118563,48.801412
1254,Space Invader VRS_034, 0 rue Pierre Bertin,2.143041,48.806876
1255,Space Invader VRS_035, 1 rue de Bretagne,2.15922,48.80226
1256,Space Invader VRS_036, 30 rue des Chantiers,2.138546,48.795779
1257,Space Invader VRS_037, 3 rue Saint-HonorÃƒÂ©,2.125345,48.798534
1258,Space Invader VRS_038, Place d'Armes,2.126332,48.803361
1259,Space Invader VRS_039, 0 rue de la Paroisse,2.12389,48.8087
1260,Space Invader VRS_040, 1 avenue de Maintenon,2.137759,48.819504
1261,Space Invader VRS_041, 42 rue du MarÃƒÂ©chal Foch,2.134159,48.809835
1262,Space Invader VRS_042, 54 avenue de Villeneuve l'Ãƒâ€°tang,2.149957,48.81891
1263,Space Invader," PA_0227, 15 rue Martel",2.353033,48.87415
